Название книги,Автор книги,Издательство,Цена,Скидка на книгу
Программирование на C# для начинающих. Основные сведения,Васильев Алексей Николаевич,Бомбора,1 124 ₽,Нет скидки
Не заставляйте меня думать. Веб-юзабилити и здравый смысл,Круг Стив,Эксмо-Пресс,856 ₽,Нет скидки
Чистая архитектура. Искусство разработки программного обеспечения,Мартин Роберт С.,Питер,1 115 ₽,Нет скидки
Программирование на C++ в примерах и задачах,Васильев Алексей Николаевич,Эксмо-Пресс,760 ₽,Нет скидки
Программирование на Python. Первые шаги,Щерба Анастасия Владимировна,Лаборатория знаний,681 ₽,Нет скидки
Этичный хакинг. Практическое руководство по взлому,Грэм Дэниел Г.,Питер,2 255 ₽,Нет скидки
Глубокое обучение на Python,Шолле Франсуа,Питер,2 823 ₽,Нет скидки
Микропроцессорные системы. Применение микроконтроллеров семейства AVR для управления внешними устр.,"Сонькин, Шамин, Сонькин",Инфра-Инженерия,724 ₽,Нет скидки
Основы визуального программирования в среде Visual Studio на базе C#,"Мартыненко, Турупалов, Андриевская",Инфра-Инженерия,908 ₽,Нет скидки
Пять строк кода. Роберт Мартин рекомендует,Клаусен Кристиан,Питер,1 701 ₽,Нет скидки
Python. Исчерпывающее руководство,Бизли Дэвид,Питер,2 240 ₽,Нет скидки
Практикум по анализу данных на языках Python и R. Учебное пособие,"Баюк, Исаева, Самсонкин",Прометей,499 ₽,Нет скидки
Знакомство с Python,"Бейдер, Эймос, Яблонски",Питер,2 142 ₽,Нет скидки
JavaScript для начинающих,МакГрат Майк,Бомбора,965 ₽,Нет скидки
Теория и практика программирования на языке Pascal,"Расолько, Кремень",Вышэйшая школа,9 796 ₽,Нет скидки
"Искусственный интеллект и компьютерное зрение. Реальные проекты на Python, Keras и TensorFlow","Коул, Ганджу, Казам",Питер,3 787 ₽,Нет скидки
Грокаем стриминг,"Фишер, Ван",Питер,1 702 ₽,Нет скидки
Высокопроизводительные Python-приложения. Практическое руководство по эффективному программированию,"Горелик, Йен",Бомбора,1 499 ₽,Нет скидки
Проектирование и разработка интерфейсов пользователя. Учебное пособие. ФГОС СПО,"Шитов, Успенский",Кнорус,1 402 ₽,Нет скидки
"JavaScript. Картинки, галереи, слайдеры. Учебное пособие для вузов",Янцев Валерий Викторович,Лань,2 186 ₽,Нет скидки
"JavaScript. Картинки, галереи, слайдеры. Учебное пособие для СПО",Янцев Валерий Викторович,Лань,2 186 ₽,Нет скидки
Entity Framework Core в действии,Смит Джон П.,ДМК-Пресс,2 961 ₽,Нет скидки
API в разработке приложений Autodesk Inventor. Практическое руководство,Дюймовский Пайни,Инфра-Инженерия,1 970 ₽,Нет скидки
Python без проблем. Решаем реальные задачи и пишем полезный код,Зингаро Даниэль,Питер,1 617 ₽,Нет скидки
"Создаем динамические веб-сайты с помощью PHP, MySQL, JavaScript, CSS и HTML5",Никсон Робин,Питер,2 823 ₽,Нет скидки
Кибердзюцу. Кибербезопасность для современных ниндзя,Маккарти Бен,Питер,1 844 ₽,Нет скидки
Black Hat Go. Программирование для хакеров и пентестеров,"Коттманн, Паттен, Стил",Питер,2 511 ₽,Нет скидки
Алгоритмы неформально. Инструкция для начинающих питонистов,Брэдфорд Такфилд,Питер,1 417 ₽,Нет скидки
Компьютерные системы. Архитектура и программирование,"Брайант, О`Халларон",ДМК-Пресс,3 702 ₽,Нет скидки
Социальная инженерия и этичный хакинг на практике,Грей Джо,ДМК-Пресс,1 481 ₽,Нет скидки
Spring быстро,Спилкэ Лауренциу,Питер,2 836 ₽,Нет скидки
Kali Linux. Библия пентестера,Хаваджа Гас,Питер,4 241 ₽,Нет скидки
Scala. Профессиональное программирование,"Одерски, Спун, Веннерс",Питер,5 659 ₽,Нет скидки
Моделирование систем управления. Учебник для вузов,"Семенов, Юрков",Лань,2 186 ₽,Нет скидки
Исследование операций. Том 2. Задачи транспортного типа. Учебник для вузов,Трушков Александр Сергеевич,Лань,2 186 ₽,Нет скидки
"Python для сетевых инженеров. Автоматизация сети, программирование и DevOps",Чоу Эрик,Питер,3 815 ₽,Нет скидки
Kafka в действии,"Скотт, Гамов, Клейн",ДМК-Пресс,2 221 ₽,Нет скидки
Объяснимые модели искусственного интеллекта на Python. Модель искусственного интеллекта,Мишра Прадипта,ДМК-Пресс,1 924 ₽,Нет скидки
Проектирование гибких программ,"Хансон, Сассман",ДМК-Пресс,2 221 ₽,Нет скидки
Идеальная работа. Программирование без прикрас,Мартин Роберт С.,Питер,1 361 ₽,Нет скидки
Криптографические основы блокчейн-технологий,"Ищукова, Панасенко, Романенко",ДМК-Пресс,1 481 ₽,Нет скидки
Web-программирование на Python. Учебное пособие,Янцев Валерий Викторович,Лань,1 858 ₽,Нет скидки
Web-программирование на Python. СПО,Янцев Валерий Викторович,Лань,1 858 ₽,Нет скидки
Go. Идиомы и паттерны проектирования,Боднер Джон,Питер,2 823 ₽,Нет скидки
Python. Чистый код для продолжающих,Свейгарт Эл,Питер,2 263 ₽,Нет скидки
Как проектировать программы,"Фелляйзен, Финдлер, Флэтт",ДМК-Пресс,2 961 ₽,Нет скидки
Введение в программирование и структуры данных,"Фислер, Кришнамурти, Политц",ДМК-Пресс,2 221 ₽,Нет скидки
Введение в гибридные технологии разработки мобильных приложений. Учебное пособие. СПО,"Заяц, Васильев",Лань,1 229 ₽,Нет скидки
Программирование в САПР. Учебное пособие,Лянг Виктор Федорович,ИНФРА-М,3 051 ₽,Нет скидки
Введение в гибридные технологии разработки мобильных приложений. Учебное пособие,"Васильев, Заяц",Лань,2 149 ₽,Нет скидки
SQL. Быстрое погружение,Шилдс Уолтер,Питер,1 270 ₽,Нет скидки
Spring Boot по-быстрому,Хеклер Марк,Питер,2 397 ₽,Нет скидки
Параллельное программирование на современном С++,Гримм Райнер,ДМК-Пресс,2 961 ₽,Нет скидки
Устройство и программирование автономных роботов. Проекты на Python и Raspberry PI,Стейпл Дэнни,ДМК-Пресс,1 845 ₽,Нет скидки
Практический хакинг интернета вещей,"Чанцис, Стаис, Кальдерон",ДМК-Пресс,2 665 ₽,Нет скидки
Практическое введение в решение дифференциальных уравнений в Python,Ершов Николай Михайлович,ДМК-Пресс,1 481 ₽,Нет скидки
Open Source. Разработка программ с открытым исходным кодом,Эгбал Надья,Питер,2 405 ₽,Нет скидки
"Теоретический минимум по Computer Science. Сети, криптография и data science","Феррейра, Пиктет",Питер,1 263 ₽,Нет скидки
Программирование в Roblox. Сделать игру - проще простого,Брамбо Зандер,ДМК-Пресс,1 481 ₽,Нет скидки
Алгоритмы. Самый краткий и понятный курс,Луридас Панос,Бомбора,607 ₽,Нет скидки
Масштабируемый рефакторинг. Возвращаем контроль над кодом,Лемер Мод,Питер,1 631 ₽,Нет скидки
Многопоточный JavaScript,"Хантер, Инглиш",ДМК-Пресс,1 924 ₽,Нет скидки
JavaScript. Визуальные редакторы. Учебное пособие для СПО,Янцев Валерий Викторович,Лань,1 390 ₽,Нет скидки
JavaScript. Визуальные редакторы. Учебное пособие для вузов,Янцев Валерий Викторович,Лань,1 390 ₽,Нет скидки
Языки программирования и методы трансляции. Учебное пособие для вузов,Свердлов Сергей Залманович,Лань,2 257 ₽,Нет скидки
Алгоритмы Data Science и их практическая реализация на Python,"Протодьяконов, Пылов, Садовников",Инфра-Инженерия,1 583 ₽,Нет скидки
HTML и CSS. Разработка и дизайн веб-сайтов,Дакетт Джон,Эксмо,1 818 ₽,Нет скидки
Программирование на C# для начинающих. Основные сведения,Васильев Алексей Николаевич,Бомбора,1 124 ₽,Нет скидки
"Высоконагруженные приложения. Программирование, масштабирование, поддержка",Клеппман Мартин,Питер,2 962 ₽,Нет скидки
Теоретический минимум по Computer Science. Все что нужно программисту и разработчику,Феррейра Фило Владстон,Питер,921 ₽,Нет скидки
"Изучаем Python. Программирование игр, визуализация данных, веб-приложения",Мэтиз Эрик,Питер,1 667 ₽,Нет скидки
Идеальный программист. Как стать профессионалом разработки ПО,Мартин Роберт С.,Питер,821 ₽,Нет скидки
Графический анализ на языке R. Учебно-методическое пособие,Лукьянов Павел Борисович,Прометей,642 ₽,Нет скидки
Head First. Изучаем C#,"Стиллмен, Грин",Питер,2 908 ₽,Нет скидки
Основы алгоритмизации и программирования на Visual C++. Учебное пособие,Гуриков Сергей Ростиславович,ИНФРА-М,2 837 ₽,Нет скидки
Дисциплина программирования. Матем.обеспечение ЭВМ,Дейкстра Э.,RUGRAM,1 943 ₽,Нет скидки
Алгоритмы и программы. Язык С++. Учебное пособие для СП,"Конова, Поллак",Лань,1 219 ₽,Нет скидки
Программирование на языке Си. Учебное пособие для вузов,Рацеев Сергей Михайлович,Лань,2 202 ₽,Нет скидки
Руткиты и буткиты. Обратная разработка вредоносных программ и угрозы следующего поколения,"Матросов, Родионов, Братусь",ДМК-Пресс,2 665 ₽,Нет скидки
Профессиональный бенчмарк. Искусство измерения производительности,Акиньшин Андрей,Питер,2 836 ₽,Нет скидки
Язык программирования C# 9 и платформа .NET 5: основные принципы и практики программирования,"Троелсен, Джепикс",Диалектика,5 702 ₽,Нет скидки
Этичный хакинг. Практическое руководство по взлому,Грэм Дэниел Г.,Питер,2 255 ₽,Нет скидки
Основы построения экономических моделей в Excel. Учебник для СПО,"Воскобойников, Мухина",Лань,1 275 ₽,Нет скидки
Программирование на языке Си.Учебное пособие для СПО,Рацеев Сергей Михайлович,Лань,2 085 ₽,Нет скидки
JavaScript.Как писать программы.Учебное пособие для вузов,Янцев Валерий Викторович,Лань,1 507 ₽,Нет скидки
JavaScript.Как писать программы Учебное пособие для СПО,Янцев Валерий Викторович,Лань,1 507 ₽,Нет скидки
Теория автоматического управления в примерах и задачах с решениями в MATLAB. Учебное пособие,"Гайдук, Пьявченко, Беляев",Лань,2 292 ₽,Нет скидки
Язык программирования С++,Страуструп Бьерн,Бином,1 716 ₽,Нет скидки
Построение распределенных систем на базе WebSocket. Учебное пособие для вузов,"Хабаров, Шилкина",Лань,1 613 ₽,Нет скидки
Svelte и Sapper в действии,Волкманн Марк,Питер,4 197 ₽,Нет скидки
Хочу в геймдев! Основы игровой разработки для начинающих,"Уточкин, Сахнов",Бомбора,965 ₽,Нет скидки
Разработка игр и теория развлечений,Костер Рэф,ДМК-Пресс,1 628 ₽,Нет скидки
Структуры данных в Python. Начальный курс,Шихи Дональд Р.,ДМК-Пресс,1 333 ₽,Нет скидки
Большая книга проектов Python,Свейгарт Эл,Питер,1 688 ₽,Нет скидки
System Design. Подготовка к сложному интервью,Сюй Алекс,Питер,1 404 ₽,Нет скидки
Отзывчивый дизайн на HTML5 и CSS3 для любых устройств,Фрэйн Бен,Питер,2 268 ₽,Нет скидки
Глубокое обучение с подкреплением. Теория и практика на языке Python,"Грессер, Кенг",Питер,2 540 ₽,Нет скидки
Микросервисы Spring в действии,"Карнелл, Санчес",ДМК-Пресс,2 517 ₽,Нет скидки
Осваиваем архитектуру Transformer. Разработка современных моделей с помощью передовых методов,"Йылдырым, Асгари-Ченаглу",ДМК-Пресс,2 221 ₽,Нет скидки
Основы юзабилити-тестирования,Барнум Кэрол М.,ДМК-Пресс,2 665 ₽,Нет скидки
Творческие проекты с микроконтроллером в среде TinyGo и WebAssembly,Тил Тобиас,ДМК-Пресс,1 628 ₽,Нет скидки
Программирование на Python. Первые шаги,Щерба Анастасия Владимировна,Лаборатория знаний,681 ₽,Нет скидки
Вычисления в кольцах некоммутативных многочленов. Учебное пособие для вузов,Цирулик Владимир Григорьевич,Лань,2 212 ₽,Нет скидки
Практический анализ двоичных файлов,Эндриесс Дэннис,ДМК-Пресс,2 517 ₽,Нет скидки
Изучаем C# через разработку игр на Unity,Ферроне Харрисон,Питер,1 688 ₽,Нет скидки
Основы алгоритмизации и программирования на языке Паскаль. Лабораторный практикум. Учебное пособие,Коренская Ирина Николаевна,Лань,873 ₽,Нет скидки
Исследование операций. Том 1. Линейное программирование. Учебник для вузов,Трушков Александр Сергеевич,Лань,1 623 ₽,Нет скидки
Игра в цифры. Как аналитика позволяет видеоиграм жить лучше,Сабиров Василий Константинович,Бомбора,1 407 ₽,Нет скидки
Apache Airflow и конвейеры обработки данных,"Харенслак, Руйтер",ДМК-Пресс,2 814 ₽,Нет скидки
Python для всех,Северанс Чарльз Р.,ДМК-Пресс,961 ₽,Нет скидки
Практикум по проектированию на языках VerilogHDL и SystemVerilog. Учебное пособие,"Мурсаев, Буренева",Лань,746 ₽,Нет скидки
Использование языка Python в теории вероятности. Учебник,Криволапов Сергей Яковлевич,Прометей,1 569 ₽,Нет скидки
Экономика на Python. Учебник,"Хрипунова, Губернаторов",Прометей,1 141 ₽,Нет скидки
Black Hat Python. Программирование для хакеров и пентестеров,"Зейтц, Арнольд",Питер,1 688 ₽,Нет скидки
Однострочники Python. Лаконичный и содержательный код,Майер Кристиан,Питер,1 688 ₽,Нет скидки
Гид Java-разработчика. Проектно-ориентированный подход,"Урма, Уорбэртон",Бомбора,819 ₽,Нет скидки
"PHP 8. Объекты, шаблоны и методики программирования",Зандстра Мэтт,Диалектика,4 278 ₽,Нет скидки
Python и DevOps. Ключ к автоматизации Linux,"Гифт, Берман, Деза",Питер,2 561 ₽,Нет скидки
Прикладное программирование на С/С++: с нуля,Иванов Всеволод Борисович,Солон-пресс,741 ₽,Нет скидки
Введение в логическое программирование,"Дженесерет, Чаудри",ДМК-Пресс,1 333 ₽,Нет скидки
Параллельное программирование на C# и .NET Core,Шакти Танвар,ДМК-Пресс,1 554 ₽,Нет скидки
Разработка игр на языке JavaScript. Учебное пособие,Беляев Сергей Алексеевич,Лань,381 ₽,Нет скидки
Параллельные и высокопроизводительные вычисления,"Роби, Замора",ДМК-Пресс,3 406 ₽,Нет скидки
Исследование операций в экономике. Практикум. Учебное пособие для вузов,Слабнов Виктор Дмитриевич,Лань,2 085 ₽,Нет скидки
"Паттерны разработки на Python. TDD, DDD и событийно-ориентированная архитектура","Персиваль, Грегори",Питер,2 127 ₽,Нет скидки
WebAssembly в действии,Галлан Жерар,Питер,2 823 ₽,Нет скидки
Разработка моделей предметной области автоматизации. Учебник для вузов,Котлинский Сергей Владимирович,Лань,2 434 ₽,Нет скидки
Разработка моделей предметной области автоматизации. Учебник для СПО,Котлинский Сергей Владимирович,Лань,2 202 ₽,Нет скидки
Тестирование программного обеспечения. Учебное пособие для СПО,Игнатьев Александр Владимирович,Лань,348 ₽,Нет скидки
Проектирование человеко-машинного взаимодействия. Учебник для вузов,Игнатьев Александр Владимирович,Лань,393 ₽,Нет скидки
Программные коллекции данных. Проектирование и реализация. Учебник,Романенко Татьяна Александровна,Лань,1 275 ₽,Нет скидки
Программные коллекции данных. Проектирование и реализация. Учебное пособие для СПО,Романенко Татьяна Александровна,Лань,1 275 ₽,Нет скидки
Black Hat Go. Программирование для хакеров и пентестеров,"Коттманн, Паттен, Стил",Питер,2 511 ₽,Нет скидки
Паттерны объектно-ориентированного проектирования,"Гамма, Хелм, Джонсон",Питер,1 029 ₽,Нет скидки
Хочу в геймдев! Основы игровой разработки для начинающих,"Уточкин, Сахнов",Бомбора,965 ₽,Нет скидки
Идеальный программист. Как стать профессионалом разработки ПО,Мартин Роберт С.,Питер,821 ₽,Нет скидки
Python без проблем. Решаем реальные задачи и пишем полезный код,Зингаро Даниэль,Питер,1 617 ₽,Нет скидки
Не заставляйте меня думать. Веб-юзабилити и здравый смысл,Круг Стив,Эксмо-Пресс,856 ₽,Нет скидки
C# 9 и .NET 5. Разработка и оптимизация,Прайс Марк Дж.,Питер,3 545 ₽,Нет скидки
Clojure на производстве,Гришаев Иван,ДМК-Пресс,1 481 ₽,Нет скидки
Алгоритмы ГИС,Сяо Нинчуань,ДМК-Пресс,1 777 ₽,Нет скидки
Изучаем SHINY,Уикем Хэдли,ДМК-Пресс,1 924 ₽,Нет скидки
Анализ поведенческих данных на R и PYTHON,Бюиссон Флоран,ДМК-Пресс,2 221 ₽,Нет скидки
Оптимизация запросов PostgreSQL,"Домбровская, Бейликова, Новиков",ДМК-Пресс,1 554 ₽,Нет скидки
Разработка беспилотных транспортных средств,"Лю, Ли, Тан",ДМК-Пресс,1 628 ₽,Нет скидки
Сети 6G. Путь от 5G к 6G глазами разработчиков,"Тонг, Ахаваин, Чжу",ДМК-Пресс,2 961 ₽,Нет скидки
Статистические вычисления на платформе Jupyter Notebook с использованием Python. Учебник,Криволапов Сергей Яковлевич,Кнорус,1 294 ₽,Нет скидки
Корпоративные информационные системы на базе решения Oracle E-Business Suite. Калькуляция затрат,"Васильева, Громова",Прометей,570 ₽,Нет скидки
Проектирование цифровых образовательных ресурсов,"Коннова, Липагина, Постовалова",Прометей,1 069 ₽,Нет скидки
Классические задачи Computer Science на языке Java,Копец Дэвид,Питер,1 545 ₽,Нет скидки
Информационное моделирование: методолгия использования цифровых моделей. Часть 1,Бачурина Светлана Самуиловна,ДМК-Пресс,740 ₽,Нет скидки
Head First. Паттерны проектирования,"Фримен, Сьерра, Робсон",Питер,2 127 ₽,Нет скидки
Web-программирование на JavaScript. Учебное пособие для СПО,Диков Андрей Валентинович,Лань,1 008 ₽,Нет скидки
Автоматизация рутинных задач с помощью Python,Свейгарт Эл,Диалектика,2 852 ₽,Нет скидки
Алгоритмы. Теория и практическое применение,Стивенс Род,Эксмо,1 268 ₽,Нет скидки
Апокалипсис криптографии. Подготовка криптографии к квантовым вычислениям,Граймс Роджер А.,ДМК-Пресс,1 777 ₽,Нет скидки
"{Вы пока еще не знаете JS} Познакомьтесь, JavaScript",Симпсон Кайл,Питер,1 121 ₽,Нет скидки
{Вы пока еще не знаете JS}. Область видимости и замыкания,Симпсон Кайл,Питер,1 192 ₽,Нет скидки
Паттерны программирования игр,Нистрем Роберт,Бомбора,1 499 ₽,Нет скидки
Эффективный C. Профессиональное программирование,Сикорд Роберт С.,Питер,1 857 ₽,Нет скидки
React. Современные шаблоны для разработки приложений,"Бэнкс, Порселло",Питер,1 945 ₽,Нет скидки
JavaScript. Обработка событий на примерах. Учебное пособие,Янцев Валерий Викторович,Лань,1 390 ₽,Нет скидки
ASP.NET CORE в действии,Лок Эндрю,ДМК-Пресс,3 035 ₽,Нет скидки
Анализируем данные в Microsoft Power BI. Подготовка к экзамену DA-100,Маслюк Даниил,ДМК-Пресс,1 628 ₽,Нет скидки
Программирование на PHP в примерах и задачах,Васильев Алексей,Эксмо-Пресс,965 ₽,Нет скидки
Статистический анализ экспериментальных данных в пакетах MathCAD и Excel. Учебное пособие для вузов,Воскобойников Юрий Евгеньевич,Лань,1 674 ₽,Нет скидки
Инженерные расчеты. Книга-билингва. Учебное пособие,"Очков, Орлов, Тихонов",Лань,2 085 ₽,Нет скидки
Системы искусственного интеллекта. Моделирование нейронных сетей в системе MATLAB. Лабораторный пр.,"Романов, Романова",Лань,811 ₽,Нет скидки
JavaScript. Обработка событий на примерах. Учебное пособие для СПО,Янцев Валерий Викторович,Лань,1 390 ₽,Нет скидки
Компьютерное моделирование автоматизации технологических процессов и производств. Практикум. СПО,Алексеев Владимир Анатольевич,Лань,1 275 ₽,Нет скидки
Ghidra. Полное руководство,"Игл, Нэнс",ДМК-Пресс,2 814 ₽,Нет скидки
Изучаем WinUI 3.0,Эшкрафт Элвин,ДМК-Пресс,1 481 ₽,Нет скидки
JavaScript для профессиональных веб-разработчиков,Фрисби Мэтт,Питер,3 472 ₽,Нет скидки
Осваиваем Ethereum. Создание смарт-контрактов и децентрализованных приложений,"Антонопулос, Вуд",Бомбора,2 078 ₽,Нет скидки
SQL за 10 минут,Форта Бен,Вильямс,1 426 ₽,Нет скидки
Облачные архитектуры. Разработка устойчивых и экономичных облачных приложений,"Лащевски, Арора, Фарр",Питер,1 560 ₽,Нет скидки
Делай как в Google. Разработка программного обеспечения,"Винтерс, Маншрек, Райт",Питер,2 836 ₽,Нет скидки
Программируем на C# 8.0. Разработка приложений,Гриффитс Иэн,Питер,4 099 ₽,Нет скидки
C# 9.0. Справочник. Полное описание языка,Албахари Джозеф,Диалектика,5 037 ₽,Нет скидки
Изучаем квантовые вычисления на Python и Q#,"Кайзер, Гранад",ДМК-Пресс,2 073 ₽,Нет скидки
"Системы автоматического управления: теория, применение, моделирование в MATLAB. Учебное пособие",Ощепков Александр Юрьевич,Лань,1 475 ₽,Нет скидки
Коды с суммированием для систем технического диагностирования. В 2-х томах,"Сапожников, Ефанов, Сапожников",Наука,965 ₽,Нет скидки
Основы тестирования программного обеспечения. Учебное пособие для СПО,Старолетов Сергей Михайлович,Лань,1 342 ₽,Нет скидки
"Гид по Computer Science, расширенное издание",Спрингер Вильям,Питер,1 185 ₽,Нет скидки
"Computer Science. Основы программирования на Java, ООП, алгоритмы и структуры данных","Седжвик, Уэйн",Питер,2 681 ₽,Нет скидки
Как работают компьютерные сети и интернет,Северанс Чарльз Р.,ДМК-Пресс,961 ₽,Нет скидки
Разработка конвейеров машинного обучения. Автоматизация жизненных циклов модели с помощью TensorFlow,"Ханнес, Нельсон",ДМК-Пресс,1 554 ₽,Нет скидки
"SQL для хранения, обработки и анализа данных","Туманов, Гайфуллин",Солон-пресс,578 ₽,Нет скидки
Технология программирования. Проектирование. Комплексное тестирование. Программная документация,Иванова Галина Сергеевна,Кнорус,1 078 ₽,Нет скидки
"Безопасность веб-приложений. Разведка, защита, нападение",Хоффман Эндрю,Питер,2 521 ₽,Нет скидки
Распределенные данные. Алгоритмы работы современных систем хранения информации,Петров Алекс,Питер,2 731 ₽,Нет скидки
Безопасно by Design,"Берг, Деоган, Савано",Питер,2 213 ₽,Нет скидки
Пакет прикладных программ. Учебное пособие,Шитов Виктор Николаевич,ИНФРА-М,1 782 ₽,Нет скидки
Программирование в САПР. Пространственное моделирование колонного аппарата в среде Autodesk Inventor,Лянг Виктор Федорович,ИНФРА-М,1 412 ₽,Нет скидки
Искусство тестирования на проникновение в сеть,Дэвис Ройс,ДМК-Пресс,1 628 ₽,Нет скидки
Построение пользовательских интерфейсов,Малышев Кирилл Викторович,ДМК-Пресс,1 333 ₽,Нет скидки
Data Science для карьериста,"Нолис, Робинсон",Питер,2 459 ₽,Нет скидки
"Экстремальный Cи. Параллелизм, ООП и продвинутые возможности",Амини Камран,Питер,3 105 ₽,Нет скидки
Программирование на C# для начинающих. Основные сведения,Васильев Алексей Николаевич,Бомбора,1 124 ₽,Нет скидки
Теоретический минимум по Computer Science. Все что нужно программисту и разработчику,Феррейра Фило Владстон,Питер,921 ₽,Нет скидки
Паттерны объектно-ориентированного проектирования,"Гамма, Хелм, Джонсон",Питер,1 029 ₽,Нет скидки
Высокопроизводительные Python-приложения. Практическое руководство по эффективному программированию,"Горелик, Йен",Бомбора,1 499 ₽,Нет скидки
Алгоритмы неформально. Инструкция для начинающих питонистов,Брэдфорд Такфилд,Питер,1 417 ₽,Нет скидки
Этичный хакинг. Практическое руководство по взлому,Грэм Дэниел Г.,Питер,2 255 ₽,Нет скидки
"Экстремальный Cи. Параллелизм, ООП и продвинутые возможности",Амини Камран,Питер,3 105 ₽,Нет скидки
Программная инженерия. Учебное пособие,Маран Михкель Михкелевич,Лань,1 573 ₽,Нет скидки
Системы искусственного интеллекта. Учебное пособие,Бураков Михаил Владимирович,Проспект,633 ₽,Нет скидки
Алгоритмы обработки текста. 125 задач с решениями,"Крошемор, Лекрок, Риттер",ДМК-Пресс,1 481 ₽,Нет скидки
Аналитика в Power BI с помощью R и Python,Уэйд Райан,ДМК-Пресс,1 924 ₽,Нет скидки
Программирование. Введение в профессию. Том 2. Системы и сети,Столяров Андрей Викторович,ДМК-Пресс,2 517 ₽,Нет скидки
Программирование. Введение в профессию. Том 3. Парадигмы,Столяров Андрей Викторович,ДМК-Пресс,2 517 ₽,Нет скидки
C#. Алгоритмы и структуры данных. Учебное пособие для вузов,"Тюкачев, Хлебостроев",Лань,2 749 ₽,Нет скидки
"Python, например",Лейси Никола,Питер,1 589 ₽,Нет скидки
"Изучаем SQL. Генерация, выборка и обработка данных",Болье Алан,Диалектика,2 852 ₽,Нет скидки
Знакомство с программированием на языке Processing,"Риас, Фрай",ДМК-Пресс,1 110 ₽,Нет скидки
Принятие решений и феномен неопределенности. Учебное пособие,Клименко Игорь Семенович,Лань,1 208 ₽,Нет скидки
C#. Основы программирования (+CD). Учебное пособие для СПО,"Тюкачев, Хлебостроев",Лань,1 569 ₽,Нет скидки
JavaScript для глубокого обучения. TensorFlow.js,"Шолле, Нильсон, Байлесчи",Питер,3 545 ₽,Нет скидки
Введение в язык Си++,Столяров Андрей Викторович,ДМК-Пресс,888 ₽,Нет скидки
Оформление программного кода,Столяров Андрей Викторович,ДМК-Пресс,740 ₽,Нет скидки
"Профессиональное программирование на ассемблере x64 с расширениями AVX, AVX2 и AVX-512",Куссвюрм Даниэль,ДМК-Пресс,2 443 ₽,Нет скидки
Безопасность контейнеров. Фундаментальный подход к защите контейнеризированных приложений,Райс Лиз,Питер,2 263 ₽,Нет скидки
Те же 10 вопросов через 20 лет. Офис и компьютер,Проскурин Сергей Павлович,Деловой двор,258 ₽,Нет скидки
Программирование. Введение в профессию. Том 1. Азы программирования,Столяров Андрей Викторович,ДМК-Пресс,2 517 ₽,Нет скидки
Имитационное моделирование процессов и систем в АПК. Учебное пособие,"Худякова, Липатов",Колос,1 862 ₽,Нет скидки
ВОСХОД программиста,Земцов А. Н.,Деловой двор,920 ₽,Нет скидки
JavaScript с нуля,Чиннатамби Кирупа,Питер,1 545 ₽,Нет скидки
Наглядный CSS,Сидельников Грег,Питер,1 404 ₽,Нет скидки
Scala. Профессиональное программирование,"Одерски, Спун, Веннерс",Питер,5 332 ₽,Нет скидки
Основы разработки iOS-приложений на C# с помощью Xamarin. Учебное пособие для вузов,Умрихин Евгений Дмитриевич,Лань,1 824 ₽,Нет скидки
Основы разработки iOS-приложений на C# с помощью Xamarin.СПО,Умрихин Евгений Дмитриевич,Лань,1 739 ₽,Нет скидки
Программирование. Сборник задач. Учебное пособие для СПО,"Маран, Батасова, Гречкина",Лань,1 074 ₽,Нет скидки
Математическое программирование.СПО,Ганичева Антонина Валериановна,Лань,989 ₽,Нет скидки
Программирование на ассемблере х64. От начального уровня до профессионального использования AVX64,Йо Ван Гуй,ДМК-Пресс,1 777 ₽,Нет скидки
Обработка и представление данных в MS Excel. Учебное пособие,"Бурнаева, Леора",Лань,717 ₽,Нет скидки
Парадигма программирования. Учебное пособие,Городняя Лидия Васильевна,Лань,1 394 ₽,Нет скидки
ASP.NET Core 3 с примерами на C# для профессионалов,Фримен Адам,Вильямс,5 702 ₽,Нет скидки
Создаем динамические веб-сайты на PHP,"Татро, Макинтайр",Питер,2 325 ₽,Нет скидки
Теория вероятностей и математическая статистика в среде MATLAB. Учебное пособие,Алибеков Игорь Юсупович,Лань,1 128 ₽,Нет скидки
HTTP/2 в действии,Поллард Барри,ДМК-Пресс,2 368 ₽,Нет скидки
Методика моделирования динамики октокоптера,Щекатуров Александр Михайлович,ДМК-Пресс,1 481 ₽,Нет скидки
"Байесовская статистика. Star Wars, LEGO, резиновые уточки и многое другое",Курт Уилл,Питер,2 793 ₽,Нет скидки
Python. Лучшие практики и инструменты,"Яворски, Зиаде",Питер,2 793 ₽,Нет скидки
C# 9.0. Карманный справочник,"Албахари, Албахари",Диалектика,1 426 ₽,Нет скидки
Теория автоматического управления (с использованием MATLAB - SIMULINK). Учебное пособие,"Пащенко, Кудинов",Лань,2 085 ₽,Нет скидки
Обработка естественного языка. Python и spaCy на практике,Васильев Юрий,Питер,1 554 ₽,Нет скидки
Python для финансовых расчетов,Хилпиш Ив,Диалектика,7 128 ₽,Нет скидки
Разработка и анализ компьютерных алгоритмов,"Ахо, Ульман, Хопкрофт",Вильямс,2 187 ₽,Нет скидки
Научное программирование на Python,Хилл Кристиан,ДМК-Пресс,2 368 ₽,Нет скидки
C#. Алгоритмы и структуры данных (+CD). СПО,"Тюкачев, Хлебостроев",Лань,1 353 ₽,Нет скидки
C#. Программирование 2D и 3D векторной графики +CD. СПО,"Тюкачев, Хлебостроев",Лань,1 569 ₽,Нет скидки
Алгоритмизация и программирование. Практикум. СПО,Андрианова Анастасия Александровна,Лань,1 230 ₽,Нет скидки
Организация беспроводных Ad Hoc и Hot Spot сетей в среде ОС Windows,"Заяц, Хабаров",Лань,1 240 ₽,Нет скидки
Построение распределенных систем на базе WebSocket. Учебное пособие,"Хабаров, Шилкина",Лань,1 168 ₽,Нет скидки
Практическое введение в язык программирования Си. СПО,"Солдатенко, Попов",Лань,791 ₽,Нет скидки
Проектирование и разработка WEB-приложений. Введение в frontend и backend разработку. СПО,"Заяц, Васильев",Лань,901 ₽,Нет скидки
Простой Python для опытных программистов,Гаско Рик,Солон-пресс,741 ₽,Нет скидки
Профессиональная разработка на Python,Уилкс Мэттью,ДМК-Пресс,2 814 ₽,Нет скидки
Программируй & типизируй,Ришкуция Влад,Питер,2 240 ₽,Нет скидки
Основы Python. Научитесь мыслить как программист,Дауни Аллен Б.,"Манн, Иванов и Фербер",1 461 ₽,Нет скидки
SimInTech. Преобразователи автономных источников электроэнергии,"Калачёв, Александров",ДМК-Пресс,1 110 ₽,Нет скидки
JavaScript. Готовые программы. Учебное пособие,Янцев Валерий Викторович,Лань,1 043 ₽,Нет скидки
JavaScript. Готовые программы. СПО,Янцев Валерий Викторович,Лань,1 074 ₽,Нет скидки
TypeScript быстро,"Файн, Моисеев",Питер,2 495 ₽,Нет скидки
Чистая архитектура. Искусство разработки программного обеспечения,Мартин Роберт С.,Питер,1 115 ₽,Нет скидки
Архитектура компьютера,"Таненбаум, Остин",Питер,2 212 ₽,Нет скидки
Изучаем программирование на Python,Бэрри Пол,Эксмо,1 590 ₽,Нет скидки
"Изучаем Python. Программирование игр, визуализация данных, веб-приложения",Мэтиз Эрик,Питер,1 667 ₽,Нет скидки
Идеальный программист. Как стать профессионалом разработки ПО,Мартин Роберт С.,Питер,821 ₽,Нет скидки
"Чистый код. Создание, анализ и рефакторинг",Мартин Роберт С.,Питер,899 ₽,Нет скидки
C# 8 и .NET Core. Разработка и оптимизация,Прайс Марк Дж.,Питер,3 457 ₽,Нет скидки
Разработка базы данных в Access. Учебное пособие,Волик Мария Владимировна,Прометей,356 ₽,Нет скидки
Основы программирования на языке С. Учебное пособие,"Гагарина, Дорогова",ИНФРА-М,1 782 ₽,Нет скидки
Python. Быстрый старт,Чан Джейми,Питер,1 077 ₽,Нет скидки
C++ для профи,Лоспинозо Джош,Питер,3 261 ₽,Нет скидки
Интеллектуальные информационные системы и методы искусственного интеллекта,"Андрейчиков, Андрейчикова",ИНФРА-М,3 393 ₽,Нет скидки
Инструментальные средства разработки программного обеспечения Системы Fossil,Орещенков Игорь Сергеевич,Лань,1 648 ₽,Нет скидки
"Эффективный Java. Тюнинг кода на Java 8, 11 и дальше",Оукс Скотт,Питер,3 244 ₽,Нет скидки
Python. Сборник упражнений,Стивенсон Бен,ДМК-Пресс,1 036 ₽,Нет скидки
Совершенный алгоритм. Алгоритмы для NP-трудных задач,Рафгарден Тим,Питер,1 888 ₽,Нет скидки
"Стильный Java. Код, который работает всегда и везде",Фаэлла Марко,Питер,2 430 ₽,Нет скидки
Внедрение зависимостей на платформе .NET,"Симан, Дерсен",Питер,3 244 ₽,Нет скидки
Карьера программиста,Лакман Макдауэлл Гейл,Питер,2 127 ₽,Нет скидки
Глубокое обучение. Легкая разработка проектов на Python,Вейдман Сет,Питер,2 901 ₽,Нет скидки
Паттерны проектирования для C# и платформы .NET Core,"Арораа, Чилберто",Питер,3 347 ₽,Нет скидки
Структуры и алгоритмы обработки данных. Учебник для СПО,"Павлов, Первова",Лань,956 ₽,Нет скидки
Численные методы и программирование. Учебное пособие для СПО,Слабнов Виктор Дмитриевич,Лань,2 685 ₽,Нет скидки
Технология разработки программного обеспечения. Учебное пособие для СПО,Зубкова Татьяна Михайловна,Лань,1 613 ₽,Нет скидки
Изучаем C++ через программирование игр,Доусон Майкл,Питер,1 417 ₽,Нет скидки
Совершенный софт. Совершенный софт - совершенная карьера,Леве Джувел,Питер,2 214 ₽,Нет скидки
"Spark в действии. С примерами Java, Python и Scala",Перрен Жан-Жорж,ДМК-Пресс,2 814 ₽,Нет скидки
Изучаем Power Query. Наглядный подход к подключению и преобразованию данных из множества источников,"Фоукс, Спарроу",ДМК-Пресс,1 481 ₽,Нет скидки
Секреты Python Pro,Хиллард Дейн,Питер,2 386 ₽,Нет скидки
Программирование на Python в примерах и задачах,Васильев Алексей Николаевич,Бомбора,1 124 ₽,Нет скидки
Моделирование и оптимизация процессов управления в технологических системах. Учебник,"Колтунов, Крыжановская",Кнорус,862 ₽,Нет скидки
Квантовые вычисления. Прикладной подход,Хидари Джек Д.,ДМК-Пресс,1 481 ₽,Нет скидки
JavaScript. Полное руководство,Флэнаган Дэвид,Вильямс,4 278 ₽,Нет скидки
Проектирование информационных систем. Методы и средства структурно-функционального проектирования,"Гвоздева, Баллод",Лань,870 ₽,Нет скидки
Структуры дан.в C#.Лин.и нелин.динамич.структ.СПО,Симонова Елена Витальевна,Лань,927 ₽,Нет скидки
"Проектирование информационных систем. Стандартизация, техническое документирование информ. систем","Гвоздева, Баллод",Лань,1 142 ₽,Нет скидки
Системы отображения информации. Дискретные индикаторы. Учебник для вузов,Смирнов Виктор Михайлович,Лань,1 775 ₽,Нет скидки
"Инфокоммуникационные системы. Протоколы,интерфейсы. Практикум. СПО",Журавлев Антон Евгеньевич,Лань,1 494 ₽,Нет скидки
Нечеткое моделирование и управление в технических системах. Учебное пособие для вузов,"Кудинов, Пащенко, Пащенко",Лань,1 613 ₽,Нет скидки
Мультимедийные технологии. Учебник для СПО,Катунин Геннадий Павлович,Лань,2 434 ₽,Нет скидки
"Swift. Основы разработки приложений под iOS, iPadOS и macOS",Усов Василий,Питер,1 974 ₽,Нет скидки
Система модулей Java,Парлог Николай,Питер,2 558 ₽,Нет скидки
Игровой движок. Программирование и внутреннее устройство,Грегори Джейсон,Питер,5 460 ₽,Нет скидки
Принципы юнит-тестирования,Хориков Владимир,Питер,1 413 ₽,Нет скидки
Простой Python. Современный стиль программирования,Любанович Билл,Питер,2 043 ₽,Нет скидки
Kotlin. Сборник рецептов. Предметный подход,Коузен Кен,ДМК-Пресс,1 184 ₽,Нет скидки
Олимпиадное программирование,Лааксонен Антти,ДМК-Пресс,1 554 ₽,Нет скидки
Алгоритмы и структуры данных. Учебное пособие,Мясникова Нелли Александровна,Кнорус,1 078 ₽,Нет скидки
Компьютерная арифметика. Учебное пособие. СПО (+CD),Иорданский Михаил Анатольевич,Лань,809 ₽,Нет скидки
Программирование. Практикум. Учебное пособие,Быкадорова Елена Анатольевна,Лань,376 ₽,Нет скидки
Системное программное обеспечение информационных мультимедиасистем. Учебное пособие,"Иванько, Иванько",Лань,520 ₽,Нет скидки
Распределенные системы,"Таненбаум, Стин",ДМК-Пресс,2 814 ₽,Нет скидки
Основы алгоритмизации и программирования на PythonОсновы алгоритмизации и программирования на Python,Гуриков Сергей Ростиславович,Форум,2 481 ₽,Нет скидки
Android. Программирование для профессионалов,"Филлипс, Марсикано, Стюарт",Питер,2 224 ₽,Нет скидки
Алгебра и геометрия с примерами на Python. Учебное пособие,"Борзунов, Кургалин",Лань,3 115 ₽,Нет скидки
Организация и архитектура ЭВМ. Вычислительные системы. Учебное пособие,Журавлев Антон Евгеньевич,Лань,985 ₽,Нет скидки
Корпоративные информационные системы. Администрирование сетевого домена. Учебное пособие,"Журавлев, Макшанов, Тындыкарь",Лань,1 277 ₽,Нет скидки
Введение в программирование на языке Visual Basic for Applications (VBA). Учебное пособие,Гуриков Сергей Ростиславович,ИНФРА-М,1 868 ₽,Нет скидки
Hello World! Программирование для детей и взрослых,"Сэнд, Сэнд",ДМК-Пресс,1 333 ₽,Нет скидки
Методология создания информационных систем. Учебное пособие,"Карминский, Черников",ИНФРА-М,1 640 ₽,Нет скидки
"Разработка бизнес-приложений на платформе ""1С: Предприятие"". Учебное пособие",Дадян Эдуард Григорьевич,ИНФРА-М,1 668 ₽,Нет скидки
Время UNIX. A History and a Memoir,Керниган Брайан,Питер,1 331 ₽,Нет скидки
Проектирование информационных систем. Учебное пособие. СПО,Вейцман Владимир Моисеевич,Лань,1 692 ₽,Нет скидки
Создание сайтов на основе WordPress. Учебное пособие для СПО,Сергеев Алексей Николаевич,Лань,666 ₽,Нет скидки
"Интеграция управления программой и системной инженерии. Методы, инструменты и организационные систем","Мицуфуджи, Хардинг, Мозер",ДМК-Пресс,2 221 ₽,Нет скидки
Современный JavaScript для нетерпеливых,Хорстман Кэй С.,ДМК-Пресс,1 628 ₽,Нет скидки
Программирование на C# для начинающих. Основные сведения,Васильев Алексей Николаевич,Бомбора,1 124 ₽,Нет скидки
Алгоритмы. Самый краткий и понятный курс,Луридас Панос,Бомбора,607 ₽,Нет скидки
Программирование на C++ в примерах и задачах,Васильев Алексей Николаевич,Эксмо-Пресс,760 ₽,Нет скидки
Глубокое обучение. Погружение в мир нейронных сетей,"Николенко, Кадурин, Архангельская",Питер,1 554 ₽,Нет скидки
"Высоконагруженные приложения. Программирование, масштабирование, поддержка",Клеппман Мартин,Питер,2 962 ₽,Нет скидки
Высокопроизводительные Python-приложения. Практическое руководство по эффективному программированию,"Горелик, Йен",Бомбора,1 499 ₽,Нет скидки
Инфокоммуникационные системы. Учебник,"Журавлев, Макшанов, Иванищев",Лань,2 171 ₽,Нет скидки
Программирование на Rust. Официальный гайд,"Клабник, Николс",Питер,3 416 ₽,Нет скидки
Проектирование информационных систем. Учебное пособие,Коваленко Владимир Васильевич,Форум,2 296 ₽,Нет скидки
Профессиональный TypeScript. Разработка масштабируемых JavaScript-приложений,Черный Борис,Питер,1 700 ₽,Нет скидки
"Подробное руководство по DAX: бизнес-аналитика с Microsoft Power Bl, SQL Server Analysis Services","Феррари, Руссо",ДМК-Пресс,3 035 ₽,Нет скидки
Хаос-инжиниринг,"Розенталь, Джонс",ДМК-Пресс,1 481 ₽,Нет скидки
Цифровая обработка сигналов на системном уровне с использованием LabVIEW,"Кехтарнаваз, Ким",ДМК-Пресс,1 333 ₽,Нет скидки
Основы программирования. Учебник с практикумом,"Макарова, Нилова, Зеленина",Кнорус,1 294 ₽,Нет скидки
"Дискретная оптимизация. Модели, методы, алгоритмы решения прикладных задач",Струченков Валерий Иванович,Солон-пресс,544 ₽,Нет скидки
Базы данных. Учебник,Кумскова Ирина Александровна,Кнорус,1 186 ₽,Нет скидки
Спортивное программирование,"Халим, Халим",ДМК-Пресс,2 368 ₽,Нет скидки
Python и наука о данных для чайников,"Мюллер, Массарон",Диалектика,2 187 ₽,Нет скидки
Криптография - наука о тайнописи. Учебное пособие,Фомичев Владимир Михайлович,Прометей,356 ₽,Нет скидки
Искусство тестирования программ,"Сандлер, Майерс, Баджетт",Диалектика,2 852 ₽,Нет скидки
Прикладное программирование. Учебное пособие,Никифоров Сергей Николаевич,Лань,568 ₽,Нет скидки
Python для программирования криптовалют,Сонг Джимми,Диалектика,3 612 ₽,Нет скидки
Алгоритмы оптимизации,"Кохендерфер, Уилер",Вильямс,4 278 ₽,Нет скидки
"Мифический человеко-месяц, или Как создаются программные системы",Брукс Фредерик,Питер,1 710 ₽,Нет скидки
"Разработка приложений на С++ с использованием Boost. Рецепты, упрощающие разработку вашего приложени",Полухин Антон,ДМК-Пресс,1 777 ₽,Нет скидки
Введение в язык Pascal. Учебное пособие,"Абрамов, Трифонов, Трифонова",Кнорус,1 078 ₽,Нет скидки
Программирование квантовых компьютеров. Базовые алгоритмы и примеры кода,"Химено-Сеговиа, Хэрриган, Джонстон",Питер,1 715 ₽,Нет скидки
Разработка и реализац.портальн.решений: Практикум,"Лукьянов, Маркова",Прометей,499 ₽,Нет скидки
Транспортная логистика (линейное программирование). Учебное пособие,Пашков Николай Николаевич,Прометей,570 ₽,Нет скидки
Генетические алгоритмы на Python,Вирсански Эйял,ДМК-Пресс,1 777 ₽,Нет скидки
C#. Основы программирования. Учебное пособие,"Тюкачев, Хлебостроев",Лань,1 806 ₽,Нет скидки
Основы объектно-ориентированного программирования на базе языка С#. Учебное пособие,Залогова Любовь Алексеевна,Лань,695 ₽,Нет скидки
"Golang для профи. Работа с сетью, многопоточность, структуры данных и машинное обучение с Go",Цукалос Михалис,Питер,4 427 ₽,Нет скидки
Эффективный TypeScript. 62 способа улучшить код,Вандеркам Дэн,Питер,1 715 ₽,Нет скидки
Istio. Приступаем к работе,"Калькот, Бутчер",ДМК-Пресс,1 481 ₽,Нет скидки
Апокалипсис криптографии. Подготовка к криптовалютным вычислениям,Граймс Роджер А.,ДМК-Пресс,1 277 ₽,Нет скидки
Проектирование веб-API,Лоре Арно,ДМК-Пресс,1 777 ₽,Нет скидки
Глубокое обучение в картинках. Визуальный гид по искусственному интеллекту,"Крон, Бейлевельд, Аглаэ",Питер,1 700 ₽,Нет скидки
Глубокое обучение с подкреплением. AlphaGo и другие технологии,Лапань Максим,Питер,2 694 ₽,Нет скидки
Spring Boot 2. Лучшие практики для профессионалов,Гутьеррес Фелипе,Питер,2 722 ₽,Нет скидки
"Python. Искусственный интеллект, большие данные и облачные вычисления","Дейтел, Дейтел",Питер,3 431 ₽,Нет скидки
Эволюционные нейросети на языке Python,Омельяненко Ярослав,ДМК-Пресс,1 481 ₽,Нет скидки
Алгоритмы обучения с подкреплением на Python,Лонца Андреа,ДМК-Пресс,1 777 ₽,Нет скидки
Цифровой синтез. Практический курс,"Романов, Антонов, Панчул",ДМК-Пресс,2 073 ₽,Нет скидки
Системное программирование. Лабораторные работы. Учебное пособие,Жулабова Фатима Тахировна,Лань,844 ₽,Нет скидки
Криптография и взлом шифров на Python,Свейгарт Эл,Диалектика,2 187 ₽,Нет скидки
Программист-прагматик,"Томас, Хант",Диалектика,2 852 ₽,Нет скидки
Учимся программировать с примерами на Python,Фримен Эрик,Диалектика,2 852 ₽,Нет скидки
Параллельное программирование на C++ с помощью библиотеки TBB,"Восс, Асенхо, Рейндерс",ДМК-Пресс,2 221 ₽,Нет скидки
Предметно-ориентированное проектирование в Enterprise Java,Наир Виджей,ДМК-Пресс,1 924 ₽,Нет скидки
Генеративное глубокое обучение. Творческий потенциал нейронных сетей,Фостер Дэвид,Питер,2 275 ₽,Нет скидки
Анализ данных при помощи Microsoft Power BI и Power Pivot для Excel,"Феррари, Руссо",ДМК-Пресс,1 554 ₽,Нет скидки
Распределенные системы реального времени. Теория и практика,Эрджиес Кайхан,ДМК-Пресс,1 777 ₽,Нет скидки
Программирование на Python. Базовый курс,"Седжвик, Уэйн, Дондеро",Вильямс,2 187 ₽,Нет скидки
Нативная разработка мобильных приложений. Перекрестный справочник для iOS и Android,"Льюис, Данн",ДМК-Пресс,1 481 ₽,Нет скидки
Паттерны объектно-ориентированного проектирования,"Гамма, Хелм, Джонсон",Питер,1 029 ₽,Нет скидки
Применение пакета Matlab и Simulink для анализа электрических цепей. Том 1. Практикум,"Фриск, Ганин, Степанова",Солон-пресс,889 ₽,Нет скидки
Управление памятью в .NET для профессионалов,Кокоса Конрад,ДМК-Пресс,3 035 ₽,Нет скидки
Исследование операций и методы оптимизации. Учебное пособие,"Болотский, Кочеткова",Лань,383 ₽,Нет скидки
Веб-компоненты в действии,Фаррелл Бен,ДМК-Пресс,1 628 ₽,Нет скидки
Машинное обучение на R: экспертные техники для прогностического анализа,Ланц Бретт,Питер,2 910 ₽,Нет скидки
Глубокое обучение. Погружение в мир нейронных сетей,"Николенко, Кадурин, Архангельская",Питер,1 554 ₽,Нет скидки
Архитектура компьютерных систем. Курс лекций. Учебное пособие,Белугина Светлана Викторовна,Лань,811 ₽,Нет скидки
Разработка программных модулей программного обеспечения для компьютерных систем,Белугина Светлана Викторовна,Лань,1 503 ₽,Нет скидки
Основы программирования информационного контента. Учебное пособие,"Быкадорова, Синявская",Лань,487 ₽,Нет скидки
Численные методы. Учебник,Слабнов Виктор Дмитриевич,Лань,2 965 ₽,Нет скидки
Алгоритмы неформально. Инструкция для начинающих питонистов,Брэдфорд Такфилд,Питер,1 417 ₽,Нет скидки
Язык программирования С++,Страуструп Бьерн,Бином,1 716 ₽,Нет скидки
Изучаем программирование на Python,Бэрри Пол,Эксмо,1 590 ₽,Нет скидки
Теоретический минимум по Computer Science. Все что нужно программисту и разработчику,Феррейра Фило Владстон,Питер,921 ₽,Нет скидки
"Изучаем Python. Программирование игр, визуализация данных, веб-приложения",Мэтиз Эрик,Питер,1 667 ₽,Нет скидки
Программирование на Python в примерах и задачах,Васильев Алексей Николаевич,Бомбора,1 124 ₽,Нет скидки
Численные методы. Учебник,Слабнов Виктор Дмитриевич,Лань,2 965 ₽,Нет скидки
Введение в глубокое обучение,Черняк Евгений,Вильямс,1 141 ₽,Нет скидки
Машинное обучение без лишних слов,Бурков Андрей,Питер,1 392 ₽,Нет скидки
Путь скрам-мастера. #ScrumMasterWay,Нет автора книги,"Манн, Иванов и Фербер",311 ₽,Нет скидки
Легкий способ выучить Python 3 еще глубже,Шоу Зед А.,Эксмо-Пресс,880 ₽,Нет скидки
Практикум по численным методам в вычислительных средах matlab и mathcad. Учебное пособие,"Бастрон, Охапкина",РГГУ,436 ₽,Нет скидки
Программирование на языке Пролог для задач искусственного интеллекта. Введение в логическое программ,Ефимова Елена Анатольевна,РГГУ,535 ₽,Нет скидки
Информационные системы и программирование. Специалист по информационным системам. Выпускная квалифик,Логачев Максим Сергеевич,ИНФРА-М,3 115 ₽,Нет скидки
SCALA для нетерпеливых,Хостманн Кей,ДМК-Пресс,1 333 ₽,Нет скидки
Обучение с подкреплением,"Саттон, Барто",ДМК-Пресс,2 961 ₽,Нет скидки
Рекомендательные системы на практике,Фальк Ким,ДМК-Пресс,1 481 ₽,Нет скидки
Flutter на практике. Прокачиваем навыки мобильной разработки с помощью открыт. фреймворка от Googlе,Заметти Франк,ДМК-Пресс,1 628 ₽,Нет скидки
Java Concurrency на практике,"Гетц, Блох, Пайерлс",Питер,1 841 ₽,Нет скидки
C# 8.0. Карманный справочник,"Албахари, Албахари",Диалектика,1 141 ₽,Нет скидки
Введение в информационный поиск,"Маннинг, Рагхаван, Шютце",Вильямс,4 278 ₽,Нет скидки
Нейронные сети и глубокое обучение. Учебный курс,Аггарвал Чару,Вильямс,4 278 ₽,Нет скидки
"Разработка веб-приложений с помощью Node.js, MongoDB и Angular. Исчерпывающее руководство","Дейли, Дейли, Дейли",Вильямс,3 612 ₽,Нет скидки
Разработка игр на Unity 2018 за 24 часа,Гейг Майк,Бомбора,1 772 ₽,Нет скидки
"R. Книга рецептов. Проверенные рецепты для статистики, анализа и визуализации","Лонг, Титор",ДМК-Пресс,2 368 ₽,Нет скидки
Графовые алгоритмы. Практическая реализация на платформах  Apache Spark и Neo4j,"Нидхем, Ходлер",ДМК-Пресс,1 628 ₽,Нет скидки
Функциональное программирование на С++. Как сделать свои программы изящными с помощью технологии фун,Чукич Иван,ДМК-Пресс,1 777 ₽,Нет скидки
Теория автоматического управления (с использованием MATLAB-SIMULINK). Практикум. Учебное пособие,"Пащенко, Кудинов, Келина",Лань,1 275 ₽,Нет скидки
Python. Непрерывная интеграция и доставка,Ленц Мориц,ДМК-Пресс,815 ₽,Нет скидки
Программирование GPU при помощи Python и CUDA. Исследуйте высокопроизводительные параллельные вычисл,Тоуманнен Бриан,ДМК-Пресс,1 333 ₽,Нет скидки
"Изучаем Python. Программирование игр, визуализация данных, веб-приложения",Мэтиз Эрик,Питер,1 667 ₽,Нет скидки
Java. Библиотека профессионала. Том 2. Расширенные средства программирования,Хорстманн Кей С.,Вильямс,4 278 ₽,Нет скидки
Изучаем Python. Том 2,Лутц Марк,Вильямс,3 612 ₽,Нет скидки
Волшебство Kotlin,Симон Пьер-Ив,ДМК-Пресс,1 924 ₽,Нет скидки
Методы и алгоритмы решения прикладных задач дискретной оптимизации. Учебное пособие,"Карпов, Струченков",Солон-пресс,519 ₽,Нет скидки
Обработка естественного языка с TensorFlow,Ганегедара Тушан,ДМК-Пресс,1 777 ₽,Нет скидки
Информационные системы и программирование. Администратор баз данных. Учебник,Логачев Максим Сергеевич,ИНФРА-М,2 310 ₽,Нет скидки
Программное обеспечение компьютерных сетей. Учебное пособие,Исаченко Олег Вячеславович,ИНФРА-М,941 ₽,Нет скидки
Моделирование химико-технологических процессов. Принципы применения пакетов компютерн. математики,"Гартман, Клушин",Лань,2 266 ₽,Нет скидки
Клиентские технологии веб-программирования: JavaScript и DOM,Диков Андрей Валентинович,Лань,938 ₽,Нет скидки
Основы глубокого обучения. Создание алгоритмов для искусственного интеллекта следующего поколения,Будума Нихиль,"Манн, Иванов и Фербер",1 904 ₽,Нет скидки
Алгоритмы. Вводный курс,Кормен Томас,Вильямс,1 426 ₽,Нет скидки
Программирование встроенных систем на С++ 17. Создание универсальных и надежных встроенных решений,Пошевай Майа,ДМК-Пресс,1 777 ₽,Нет скидки
ELIXIR в действии,Юрич Саша,ДМК-Пресс,1 777 ₽,Нет скидки
Глубокое обучение для поисковых систем,Теофили Томмазо,ДМК-Пресс,1 481 ₽,Нет скидки
Введение в программирование на языке Visual Basic for Applications (VBA). Учебное пособие,Гуриков Сергей Ростиславович,ИНФРА-М,1 854 ₽,Нет скидки
HTML и CSS. Разработка и дизайн веб-сайтов,Дакетт Джон,Эксмо,1 818 ₽,Нет скидки
Байесовский анализ на Python,Мартин Освальдо,ДМК-Пресс,1 777 ₽,Нет скидки
Состязательные сети. Проекты,Ахирвар Кайлаш,ДМК-Пресс,1 333 ₽,Нет скидки
Основы программирования на языке С. Учебное пособие,"Дорогов, Дорогова",Форум,1 433 ₽,Нет скидки
Разработка мобильных приложений на C# для iOS и Android,Черников Вячеслав,ДМК-Пресс,1 184 ₽,Нет скидки
C. Полное руководство. Классическое издание,Шилдт Герберт,Диалектика,4 278 ₽,Нет скидки
NGINX. Книга рецептов. Продвинутые рецепты высокопроизводительной   балансировки нагрузки,Де Йонге Дерек,ДМК-Пресс,888 ₽,Нет скидки
Как стать хакером,Притяну Эдриан,ДМК-Пресс,1 481 ₽,Нет скидки
Шаблоны проектирования для облачной среды,Дэвис Корнелия,ДМК-Пресс,1 777 ₽,Нет скидки
SQL для чайников,Тейлор Аллен Дж.,Диалектика,1 712 ₽,Нет скидки
Архитекторы интеллекта. Вся правда об искусственном интеллекте от его создателей,Форд Мартин,Питер,1 248 ₽,Нет скидки
Глубокое обучение и игра в го,"Памперла, Фергюсон",ДМК-Пресс,1 924 ₽,Нет скидки
Разработка игр на Unreal Engine 4 за 24 часа,"Куксон, Даулингсок, Крамплер",Бомбора,2 135 ₽,Нет скидки
Основы объектно-ориентированного программирования на базе языка С#. Учебное пособие,Залогова Любовь Алексеевна,Лань,782 ₽,Нет скидки
Квантовые вычисления для настоящих айтишников,Бернхард Крис,Питер,1 217 ₽,Нет скидки
1400 задач по программированию,Златопольский Дмитрий Михайлович,ДМК-Пресс,591 ₽,Нет скидки
Бессерверные приложения на JavaScipt,"Стоянович, Симович",ДМК-Пресс,1 702 ₽,Нет скидки
Head First. Kotlin,"Гриффитс, Гриффитс",Питер,3 120 ₽,Нет скидки
Алгоритмы и программы. Язык С++. Учебное пособие,"Конова, Поллак",Лань,1 437 ₽,Нет скидки
System Design. Подготовка к сложному интервью,Сюй Алекс,Питер,1 404 ₽,Нет скидки
"Высоконагруженные приложения. Программирование, масштабирование, поддержка",Клеппман Мартин,Питер,2 962 ₽,Нет скидки
Этичный хакинг. Практическое руководство по взлому,Грэм Дэниел Г.,Питер,2 255 ₽,Нет скидки
С++ для начинающих,Шилдт Герберт,Эком,776 ₽,Нет скидки
Алгоритмы неформально. Инструкция для начинающих питонистов,Брэдфорд Такфилд,Питер,1 417 ₽,Нет скидки
Чистая архитектура. Искусство разработки программного обеспечения,Мартин Роберт С.,Питер,1 115 ₽,Нет скидки
Программирование в среде Delphi. Основные команды. Первые проекты,Саблукова Наталья Геннадьевна,Лань,395 ₽,Нет скидки
Основы алгоритмизации и программирования на языке Microsoft Visual Basic. Учебное пособие,Гуриков Сергей Ростиславович,ИНФРА-М,2 994 ₽,Нет скидки
MATLAB 6.5 SP1/7/7 SP1/7 SP2 + Simulink 5/6. Инструменты искусственного интеллекта и биоинформатики,"Дьяконов, Круглов",Солон-пресс,1 318 ₽,Нет скидки
Компьютерный анализ и моделирование электрических цепей переменного тока в среде MATLAB,Нет автора книги,Солон-пресс,272 ₽,Нет скидки
Компьютерный анализ и моделирование электрических цепей переменного тока в среде MATLAB,Нет автора книги,Солон-пресс,395 ₽,Нет скидки
Компьютерный анализ и моделирование электрических цепей постоянного тока в среде MATLAB,Нет автора книги,Солон-пресс,173 ₽,Нет скидки
Компьютерный анализ и моделирование электрических цепей постоянного тока в среде MATLAB,Нет автора книги,Солон-пресс,395 ₽,Нет скидки
Компьютерный анализ четырехполюсников с помощью MATLAB,Нет автора книги,Солон-пресс,568 ₽,Нет скидки
Компьютерный анализ четырехполюсников с помощью MATLAB,Нет автора книги,Солон-пресс,237 ₽,Нет скидки
Компьютерный спектральный анализ сигналов с помощью MATLAB,Нет автора книги,Солон-пресс,453 ₽,Нет скидки
Компьютерный спектральный анализ сигналов с помощью MATLAB,Нет автора книги,Солон-пресс,222 ₽,Нет скидки
Глубокое обучение в биологии и медицине,"Рамсундар, Истман, Уолтерс",ДМК-Пресс,1 036 ₽,Нет скидки
"Современный язык Java. Лямбда-выражения, потоки и функциональное программирование","Урма, Фуско, Майкрофт",Питер,2 294 ₽,Нет скидки
Программирование на языке высокого уровня. Программирование на языке Object Pascal. Учебное пособие,"Немцова, Голова, Абрамова",Форум,2 410 ₽,Нет скидки
Математическое программирование. Учебное пособие,Ржевский Сергей Владимирович,Лань,2 085 ₽,Нет скидки
Практика нейросетевого моделирования. Учебное пособие,"Хливненко, Пятакович",Лань,1 368 ₽,Нет скидки
Python и анализ данных,Маккини Уэс,ДМК-Пресс,1 915 ₽,Нет скидки
Алгоритмы эволюционной оптимизации,Саймон Дэн,ДМК-Пресс,2 961 ₽,Нет скидки
"Прикладные задачи оптимизации. Модели, методы, алгоритмы",Струченков Валерий Иванович,Солон-пресс,640 ₽,Нет скидки
Машинный интеллект. Очерки по теории машинного обучения и искусственного интеллекта,Шумский Сергей Александрович,РИОР,2 181 ₽,Нет скидки
C#. Программирование 2D и 3D векторной графики (+CD),"Тюкачев, Хлебостроев",Лань,1 610 ₽,Нет скидки
Клиентские технологии веб-дизайна. HTML5 и CSS3. Учебное пособие,Диков Андрей Валентинович,Лань,1 102 ₽,Нет скидки
Технология разработки программного обеспечения. Учебное пособие,Зубкова Татьяна Михайловна,Лань,1 739 ₽,Нет скидки
C++ за 21 день,Рао Сиддхартха,Диалектика,3 612 ₽,Нет скидки
Docker на практике,"Миллан, Сейерс",ДМК-Пресс,2 368 ₽,Нет скидки
Swift подробно,Чейрд Инт Вейн,ДМК-Пресс,2 148 ₽,Нет скидки
Java. Справочник разработчика,"Эванс, Флэнаган",Вильямс,2 852 ₽,Нет скидки
Оптимизация программ на C++. Проверенные методы повышения производительности,Гантерот Курт,Диалектика,2 852 ₽,Нет скидки
Компьютерное моделирование полупроводниковых систем в MatLab 6.0. Учебное пособие,Герман-Галкин Сергей Германович,Корона-Принт,298 ₽,Нет скидки
Идиомы и паттерны проектирования в современном С++,Пикус Федор Г.,ДМК-Пресс,1 924 ₽,Нет скидки
Основы тестирования и верификации программного обеспечения,Старолетов Сергей Михайлович,Лань,1 912 ₽,Нет скидки
Изучаем Python. Том 1,Лутц Марк,Диалектика,3 612 ₽,Нет скидки
Рефакторинг кода на JavaScript. Улучшение проекта существующего кода,Фаулер Мартин,Вильямс,4 278 ₽,Нет скидки
Язык программирования Python: практикум. Учебное пособие,Жуков Роман Александрович,ИНФРА-М,1 169 ₽,Нет скидки
Машинное обучение и безопасность. Защита систем с помощью данных и алгоритмов,"Чио, Фримэн",ДМК-Пресс,1 554 ₽,Нет скидки
Разработка интеллектуальных систем. Введение в технологию машинного обучения,Хултен Джефф,ДМК-Пресс,1 333 ₽,Нет скидки
Теория вероятностей и математическая статистика в среде MATLAB. Учебное пособие,Алибеков Игорь Юсупович,Лань,1 065 ₽,Нет скидки
Экстремальное программирование. Разработка через тестирование,Бек Кент,Питер,1 206 ₽,Нет скидки
Объектно-ориентированное программирование с примерами на C#. Учебное пособие,Хорев Павел Борисович,Форум,1 675 ₽,Нет скидки
Применение пакета MATLAB для анализа резонансных явлений в электрических цепях. Учебно-мет. пособие,Нет автора книги,Солон-пресс,272 ₽,Нет скидки
Применение пакета MATLAB для анализа резонансных явлений в электрических цепях. Учебно-мет. пособие,Нет автора книги,Солон-пресс,544 ₽,Нет скидки
Программирование. Сборник задач. Учебное пособие,"Архипов, Батасова, Гречкина",Лань,1 532 ₽,Нет скидки
Python. Книга Рецептов,"Бизли, Джонс",ДМК-Пресс,2 665 ₽,Нет скидки
Глубокое обучение с подкреплением на Python. OpenAI Gym и TensorFlow для профи,Равичандиран Судхарсан,Питер,1 483 ₽,Нет скидки
Грокаем глубокое обучение,Траск Эндрю,Питер,1 200 ₽,Нет скидки
Практика реактивного программирования в SPRING 5,"Докука, Лозинский",ДМК-Пресс,2 517 ₽,Нет скидки
Нейросетевые методы в обработке естественного языка,Гольдберг Йоав,ДМК-Пресс,2 221 ₽,Нет скидки
Предиктивное моделирование на практике,"Кун, Джонсон",Питер,2 731 ₽,Нет скидки
Микросервисы. Паттерны разработки и рефакторинга,Ричардсон Крис,Питер,2 128 ₽,Нет скидки
Выразительный JavaScript. Современное веб-программирование,Хавербеке Марейн,Питер,2 197 ₽,Нет скидки
"Системы счисления, алгоритмизация и программирование. Учебное пособие",Игнашева Елена Петровна,ИНФРА-М,1 169 ₽,Нет скидки
Объектно-ориентированное программирование. Учебник,Барков Игорь Александрович,Лань,3 244 ₽,Нет скидки
Практическое введение в программную инженерию. Учебное пособие,Волк Владимир Константинович,Лань,1 473 ₽,Нет скидки
Проектирование цифровых устройств на ПЛИС. Учебное пособие,Ушенина Инна Владимировна,Лань,1 576 ₽,Нет скидки
Введение в технологии контейнеров и Kubernetes,Маркелов Андрей Александрович,ДМК-Пресс,851 ₽,Нет скидки
Логическое проектирование и верификация систем на SystemVerilog,Дональд Томас,ДМК-Пресс,1 777 ₽,Нет скидки
HTML5 и CSS3 для чайников,"Титтел, Минник",Диалектика,1 712 ₽,Нет скидки
C# для чайников,"Мюллер, Сфер, Семпф",Диалектика,2 187 ₽,Нет скидки
Изучаем TypeScript 3,Розенталс Натан,ДМК-Пресс,2 073 ₽,Нет скидки
Head First. Паттерны проектирования,"Фримен, Сьерра, Робсон",Питер,2 127 ₽,Нет скидки
Программирование на Python в примерах и задачах,Васильев Алексей Николаевич,Бомбора,1 124 ₽,Нет скидки
Паттерны объектно-ориентированного проектирования,"Гамма, Хелм, Джонсон",Питер,1 029 ₽,Нет скидки
Идеальный программист. Как стать профессионалом разработки ПО,Мартин Роберт С.,Питер,821 ₽,Нет скидки
System Design. Подготовка к сложному интервью,Сюй Алекс,Питер,1 404 ₽,Нет скидки
Язык программирования С++,Страуструп Бьерн,Бином,1 716 ₽,Нет скидки
Изучаем TypeScript 3,Розенталс Натан,ДМК-Пресс,2 073 ₽,Нет скидки
Введение в веб-разработку на языке JavaScript. Учебное пособие,Государев Илья Борисович,Лань,1 188 ₽,Нет скидки
Программирование компьютерной графики,Боресков Алексей Викторович,ДМК-Пресс,1 554 ₽,Нет скидки
Высокопроизводительный код на платформе .NET,Уотсон Бен,Питер,2 158 ₽,Нет скидки
Совершенный алгоритм. Графовые алгоритмы и структуры данных,Рафгарден Тим,Питер,1 416 ₽,Нет скидки
{Вы не знаете JS} Асинхронная обработка и оптимизация,Симпсон Кайл,Питер,1 323 ₽,Нет скидки
Основы теории вейвлетов. Вейвлеты в Matlab,Смоленцев Николай Константинович,ДМК-Пресс,1 481 ₽,Нет скидки
Изучаем React,Чиннатамби Кирупа,Бомбора,1 407 ₽,Нет скидки
Python для чайников,Мюллер Джон Пол,Диалектика,1 712 ₽,Нет скидки
Изучение сложных систем с помощью Python,Дауни Аллен Б.,ДМК-Пресс,1 112 ₽,Нет скидки
Вероятностное программирование на Python. Байесовский вывод и алгоритмы,Дэвидсон-Пайлон Кэмерон,Питер,1 925 ₽,Нет скидки
JavaScript для чайников,"Минник, Холланд",Диалектика,1 426 ₽,Нет скидки
Легкий способ выучить Python 3,Шоу Зед А.,Бомбора,880 ₽,Нет скидки
Jenkins 2. Приступаем к работе. Создайте свой конвейер развертывания для автоматизации следующего п.,Ластер Брент,ДМК-Пресс,2 814 ₽,Нет скидки
Реактивное программирование на С++. Проектирование параллельных и асинхронных приложений с использов,"Пай, Абрахам",ДМК-Пресс,1 333 ₽,Нет скидки
Изображение квантовых процессов. Начальный курс квантовой теории и рассуждений на диаграммах,"Коке, Киссинждер",ДМК-Пресс,3 332 ₽,Нет скидки
Язык программирования Python. Практикум. Учебное пособие,Жуков Роман Александрович,ИНФРА-М,1 141 ₽,Нет скидки
Django 2 в примерах,Меле Антонио,ДМК-Пресс,1 924 ₽,Нет скидки
Глубокое обучение без математики. Том 1. Основы,Гласснер Эндрю,ДМК-Пресс,2 517 ₽,Нет скидки
Программирование в среде Lazarus. Учебное пособие,Гуриков Сергей Ростиславович,Форум,2 616 ₽,Нет скидки
Введение в программную инженерию. Учебник,"Антипов, Пылькин, Бубнов",ИНФРА-М,1 611 ₽,Нет скидки
Программирование и основы алгоритмизации.Теоретические основы и примеры реализации численных методов,"Затонский, Бильфельд",РИОР,955 ₽,Нет скидки
Программное обеспечение компьютерных сетей и web-серверов. Учебное пособие,"Лисьев, Романов, Аскерко",ИНФРА-М,930 ₽,Нет скидки
Технологии параллельного программирования. Учебное пособие,"Лупин, Посыпкин",Форум,1 005 ₽,Нет скидки
Глубокое обучение и TensorFlow для профессионалов. Математический подход к построению систем,Паттанаяк Сантану,Вильямс,2 187 ₽,Нет скидки
Введение в анализ алгоритмов,Солтис Майкл,ДМК-Пресс,1 333 ₽,Нет скидки
Практикум по решению задач на ЭВМ в среде Delphi. Учебное пособие,"Бунаков, Лопатин",Форум,1 811 ₽,Нет скидки
Анализ вредоносных программ,Монаппа К. А.,ДМК-Пресс,1 481 ₽,Нет скидки
Java. Библиотека профессионала. Том 1. Основы,Хорстманн Кей С.,Диалектика,3 612 ₽,Нет скидки
JavaScript. Карманный справочник,Флэнаган Дэвид,Диалектика,1 046 ₽,Нет скидки
Искусство программирования. Том 3. Сортировка и поиск,Кнут Дональд Эрвин,Диалектика,5 037 ₽,Нет скидки
Применение UML 2.0 и шаблонов проектирования,Ларман Крэг,Диалектика,5 037 ₽,Нет скидки
Язык программирования C++. Краткий курс,Страуструп Бьярне,Диалектика,1 426 ₽,Нет скидки
Численные методы и программирование. Учебное пособие,Колдаев Виктор Дмитриевич,Форум,2 153 ₽,Нет скидки
Микросервисы и контейнеры Docker,Кочер Парминдер Сингх,ДМК-Пресс,1 481 ₽,Нет скидки
Биометрическая защита. Обзор технологии,Суомалайнен Антти,ДМК-Пресс,221 ₽,Нет скидки
Легкий способ выучить Java,Пейн Брайсон,Бомбора,1 062 ₽,Нет скидки
Программирование в Erlang,"Томпсон, Чезарини",ДМК-Пресс,1 481 ₽,Нет скидки
Искусство программирования. Том 2. Получисленные алгоритмы,Кнут Дональд Эрвин,Диалектика,4 278 ₽,Нет скидки
Искусственный интеллект для чайников,"Мюллер, Массарон",Диалектика,1 426 ₽,Нет скидки
Современные технологии программирования. Разработка Windows-приложений на языке С#. Учебник. Том 2,Горелов Сергей Витальевич,Прометей,927 ₽,Нет скидки
Компьютерное зрение. Теория и алгоритмы,Клетте Рейнхард,ДМК-Пресс,3 109 ₽,Нет скидки
Java. Оптимизация программ. Практические методы повышения производительности приложений в JVM,"Эванс, Гоф, Ньюланд",Диалектика,3 612 ₽,Нет скидки
CSS. Полный справочник. Визуальное форматирование веб-страниц,"Мейер, Уэйл",Диалектика,5 037 ₽,Нет скидки
Искусство программирования на R. Погружение в большие данные,Мэтлофф Норман,Питер,1 497 ₽,Нет скидки
Базовые средства программирования на Visual Basic в среде VisualStudio Net. Практикум. Учебное пособ,Шакин Виктор Николаевич,Форум,1 925 ₽,Нет скидки
Алгоритмизация и программирование. Практикум. Учебное пособие,"Андрианова, Исмагилов, Мухтарова",Лань,1 263 ₽,Нет скидки
Структуры и алгоритмы обработки данных. Линейные структуры. Учебное пособие,Апанасевич Сергей Александрович,Лань,985 ₽,Нет скидки
Самоучитель игры на Паскале. ABC и немного Турбо,Комлев Николай Юрьевич,Солон-пресс,785 ₽,Нет скидки
Алгоритмические трюки для программистов,Уоррен Генри С.,Диалектика,2 852 ₽,Нет скидки
Unity и C#. Геймдев от идеи до реализации,Бонд Джереми Гибсон,Питер,3 226 ₽,Нет скидки
PostgreSQL 11. Мастерство разработки,Шениг Ганс-Юрген,ДМК-Пресс,1 999 ₽,Нет скидки
Разработка АСУТП в среде WinCC. Учебное пособие,"Иванов, Чье",Инфра-Инженерия,1 390 ₽,Нет скидки
Автоматизация программируемых сетей,"Эделман, Лоу, Осуолт",ДМК-Пресс,2 221 ₽,Нет скидки
"Разработка бизнес-приложений на платформе ""1С:Предприятие"". Учебное пособие",Дадян Эдуард Григорьевич,ИНФРА-М,1 611 ₽,Нет скидки
Базовые средства программирования на Visual Basic в среде VisualStudio .NET. Учебное пособие,Шакин Виктор Николаевич,Форум,1 811 ₽,Нет скидки
Прикладная обработка биомедицинских изображений в среде MATLAB. Учебное пособие,Федотов Александр Александрович,Лань,487 ₽,Нет скидки
Изучаем pandas,"Хейдт, Груздев",ДМК-Пресс,2 814 ₽,Нет скидки
Умные мобильные проекты с TensorFlow,Танг Джефф,ДМК-Пресс,1 481 ₽,Нет скидки
Этичный хакинг. Практическое руководство по взлому,Грэм Дэниел Г.,Питер,2 255 ₽,Нет скидки
Black Hat Go. Программирование для хакеров и пентестеров,"Коттманн, Паттен, Стил",Питер,2 511 ₽,Нет скидки
"Высоконагруженные приложения. Программирование, масштабирование, поддержка",Клеппман Мартин,Питер,2 962 ₽,Нет скидки
Теоретический минимум по Computer Science. Все что нужно программисту и разработчику,Феррейра Фило Владстон,Питер,921 ₽,Нет скидки
Программирование на C# для начинающих. Основные сведения,Васильев Алексей Николаевич,Бомбора,1 124 ₽,Нет скидки
HTML и CSS. Разработка и дизайн веб-сайтов,Дакетт Джон,Эксмо,1 818 ₽,Нет скидки
Алгоритмы на Java,"Седжвик, Уэйн",Вильямс,5 702 ₽,Нет скидки
C++. Полное руководство. Классическое издание,Шилдт Герберт,Вильямс,4 278 ₽,Нет скидки
Spring 5 для профессионалов,"Шефер, Харроп, Козмина",Вильямс,5 702 ₽,Нет скидки
Искусственный интеллект с примерами на Python. Создание приложений искусственного интеллекта,Джоши Пратик,Вильямс,2 852 ₽,Нет скидки
"Основы машинного обучения для аналитического прогнозирования. Алгоритмы, рабочие примеры","Келлехер, Мак-Нейми, д`Арси",Вильямс,3 612 ₽,Нет скидки
Прагматичный ИИ. Машинное обучение и облачные технологии,Гифт Ной,Питер,1 705 ₽,Нет скидки
Внедрение Splunk 7,Миллер Джеймс,ДМК-Пресс,1 924 ₽,Нет скидки
Java за 24 часа,Кейденхед Роджерс,Диалектика,1 426 ₽,Нет скидки
Совершенный алгоритм. Основы,Рафгарден Тим,Питер,1 349 ₽,Нет скидки
Дискретная математика. Учимся программировать в Wolfram Mathematica,"Фридман, Иванов",Питер,1 015 ₽,Нет скидки
Современные технологии программирования: разработка Windows-приложений на языке С#. Том 1,Горелов Сергей Витальевич,Прометей,784 ₽,Нет скидки
Основы технологий баз данных. Учебное пособие,"Новиков, Горшкова",ДМК-Пресс,851 ₽,Нет скидки
Mathematica 5/6/7. Полное руководство,Дьяконов Владимир Павлович,ДМК-Пресс,1 333 ₽,Нет скидки
Git для профессионального программиста,"Чакон, Страуб",Питер,1 558 ₽,Нет скидки
Простой Python просто с нуля,Гаско Рик,Солон-пресс,861 ₽,Нет скидки
C++. Базовый курс,Шилдт Герберт,Вильямс,2 852 ₽,Нет скидки
Моделирование объектов управления в MatLab. Учебное пособие,"Затонский, Тугашова",Лань,984 ₽,Нет скидки
Основы алгоритмизации и программирования (ОП.04). Практикум,Серкова Екатерина Геннадьевна,Феникс,572 ₽,Нет скидки
Программирование на C# для начинающих. Особенности языка,Васильев Александр Николаевич,Бомбора,1 117 ₽,Нет скидки
"Компиляторы. Принципы, технологии и инструментарий","Ахо, Ульман, Лам",Диалектика,7 128 ₽,Нет скидки
Архитектура вычислительных систем и Ассемблер,"Гагарина, Кононова",Солон-пресс,815 ₽,Нет скидки
Delphi. Программирование в примерах и задачах. Практикум: Учебное пособие,"Милорадов, Эйдлина",РИОР,820 ₽,Нет скидки
Delphi. Программирование в примерах и задачах. Практикум. Учебное пособие,"Милорадов, Эйдлина",РИОР,670 ₽,Нет скидки
"Web-аппликации в интернет-маркетинге. Проектирование, создание и применение. Практическое пособие","Винарский, Гутгарц",ИНФРА-М,1 227 ₽,Нет скидки
Java. Эффективное программирование,Блох Джошуа,Вильямс,3 612 ₽,Нет скидки
"Создаем динамические веб-сайты с помощью PHP, MySQL, JavaScript, CSS и HTML5",Никсон Робин,Питер,2 766 ₽,Нет скидки
Kubernetes в действии,Лукша Марко,ДМК-Пресс,2 368 ₽,Нет скидки
Смарт-карты и информационная безопасность,"Мытник, Панасенко",ДМК-Пресс,1 481 ₽,Нет скидки
Эффективный и современный С++. 42 рекомендации по использованию C++11 и C++14,Мейерс Скотт,Диалектика,2 852 ₽,Нет скидки
Изучаем регулярные выражения,Форта Бен,Вильямс,1 141 ₽,Нет скидки
Пользовательские истории. Гибкая разработка программного обеспечения,Кон Майк,Диалектика,2 852 ₽,Нет скидки
Python. Экспресс-курс,Седер Наоми,Питер,2 057 ₽,Нет скидки
Архитектура компьютера,"Таненбаум, Остин",Питер,2 212 ₽,Нет скидки
Java. Руководство для начинающих,Шилдт Герберт,Диалектика,3 612 ₽,Нет скидки
Алгоритмы. Построение и анализ,"Кормен, Лейзерсон, Ривест",Диалектика,8 555 ₽,Нет скидки
Изучай Erlang во имя добра!,Хеберт Фред,ДМК-Пресс,2 073 ₽,Нет скидки
Программируй на Haskell,Курт Уилл,ДМК-Пресс,2 368 ₽,Нет скидки
"Конфигурирование и моделирование в системе ""1С: Предприятие"". Учебник",Дадян Эдуард Григорьевич,ИНФРА-М,2 267 ₽,Нет скидки
Алгоритмы на C++,Седжвик Роберт,Вильямс,5 702 ₽,Нет скидки
Python. Справочник. Полное описание языка,"Мартелли, Рейвенскрофт, Холден",Диалектика,3 612 ₽,Нет скидки
Теоретический минимум по Big Data. Всё что нужно знать о больших данных,"Ын, Су",Питер,979 ₽,Нет скидки
Основы программирования на языке Python,Златопольский Дмитрий Михайлович,ДМК-Пресс,888 ₽,Нет скидки
Методы научных исследований в программной инженерии,Пантелеев Евгений Рафаилович,Лань,680 ₽,Нет скидки
Структуры данных в C#. Линейные и нелинейные динамические структуры. Учебное пособие,Симонова Елена Витальевна,Лань,887 ₽,Нет скидки
Программируем на Python,Доусон Майкл,Питер,1 372 ₽,Нет скидки
HTML5. Карманный справочник,Роббинс Дженнифер,Вильямс,1 141 ₽,Нет скидки
Искусство программирования. Том 4А. Комбинаторные алгоритмы. Часть 1,Кнут Дональд Эрвин,Вильямс,5 702 ₽,Нет скидки
Практика программирования,"Керниган, Пайк",Вильямс,2 187 ₽,Нет скидки
Введение в системы баз данных,Дейт К. Дж.,Диалектика,5 702 ₽,Нет скидки
Эволюционная архитектура. Поддержка непрерывных изменений,"Форд, Парсонс, Куа",Питер,1 270 ₽,Нет скидки
Unity в действии. Мультиплатформенная разработка на C#,Хокинг Джозеф,Питер,1 488 ₽,Нет скидки
Решение задач на современном C++,Бансила Мариус,ДМК-Пресс,1 628 ₽,Нет скидки
Философия Java,Эккель Брюс,Питер,3 432 ₽,Нет скидки
Python для сложных задач. Наука о данных и машинное обучение,Плас Дж. Вандер,Питер,1 985 ₽,Нет скидки
Разработка программных приложений в среде BlackBox. Учебное пособие,Болотнов Анатолий Миронович,Лань,881 ₽,Нет скидки
Технологии интеллектуального анализа данных. Учебное пособие,"Макшанов, Журавлев",Лань,1 160 ₽,Нет скидки
Осваиваем C++17 STL. Используйте компоненты стандартной библиотеки в C++17 STL в полной мере,О`Двайр Артур,ДМК-Пресс,1 777 ₽,Нет скидки
Язык программирования C,"Керниган, Ритчи",Вильямс,1 712 ₽,Нет скидки
Построение систем машинного обучения на языке Python,"Коэльо, Ричарт",ДМК-Пресс,1 036 ₽,Нет скидки
HTML и CSS. Разработка и дизайн веб-сайтов,Дакетт Джон,Эксмо,1 818 ₽,Нет скидки
Изучаем программирование на Python,Бэрри Пол,Эксмо,1 590 ₽,Нет скидки
Алгоритмы неформально. Инструкция для начинающих питонистов,Брэдфорд Такфилд,Питер,1 417 ₽,Нет скидки
Программирование на C++ в примерах и задачах,Васильев Алексей Николаевич,Эксмо-Пресс,760 ₽,Нет скидки
С++ для начинающих,Шилдт Герберт,Эком,776 ₽,Нет скидки
Архитектура компьютера,"Таненбаум, Остин",Питер,2 212 ₽,Нет скидки
Python. Карманный справочник,Лутц Марк,Диалектика,1 141 ₽,Нет скидки
Искусство программирования. Том 1. Основные алгоритмы,Кнут Дональд Эрвин,Вильямс,5 037 ₽,Нет скидки
"Шаблоны интеграции корпоративных приложений. Проектирование, создание и развертывание решений","Хоп, Вульф",Диалектика,5 037 ₽,Нет скидки
Язык программирования C. Лекции и упражнения,Прата Стивен,Диалектика,5 037 ₽,Нет скидки
C# 4.0. Полное руководство,Шилдт Герберт,Диалектика,3 612 ₽,Нет скидки
Реализация методов предметно-ориентированного проектирования,Вернон Вон,Диалектика,4 278 ₽,Нет скидки
Веб-программирование для чайников,Никхил Абрахам,Диалектика,1 712 ₽,Нет скидки
Язык программирования Go,"Керниган, Донован",Диалектика,2 187 ₽,Нет скидки
Angular. Сборник рецептов,Фрисби Мэтт,Вильямс,1 426 ₽,Нет скидки
Java. Полное руководство,Шилдт Герберт,Вильямс,5 227 ₽,Нет скидки
Компиляторы. Краткий справочник,Хантер Робин,Вильямс,856 ₽,Нет скидки
Структуры данных и алгоритмы,"Ахо, Ульман, Хопкрофт",Вильямс,2 852 ₽,Нет скидки
Шаблоны C++. Справочник разработчика,"Вандевурд, Джосаттис, Грегор",Диалектика,3 612 ₽,Нет скидки
Java Persistence API и Hibernate,"Бауэр, Кинг, Грегори",ДМК-Пресс,1 628 ₽,Нет скидки
Байесовские модели. Байесовская статистика на языке Python,Дауни Аллен Б.,ДМК-Пресс,1 036 ₽,Нет скидки
CLR via C#. Программирование на платформе Microsoft .NET Framework 4.5 на языке C#. 4-е издание,Рихтер Джеффри,Питер,2 637 ₽,Нет скидки
Грокаем алгоритмы. Иллюстрированное пособие для программистов и любопытствующих,Бхаргава Адитья,Питер,1 030 ₽,Нет скидки
Ядро ORACLE. Внутреннее устройство для администраторо и разработчиков баз данных,Льюис Джонатан,ДМК-Пресс,1 406 ₽,Нет скидки
Идеальный программист. Как стать профессионалом разработки ПО,Мартин Роберт С.,Питер,821 ₽,Нет скидки
Apache Kafka. Потоковая обработка и анализ данных,"Нархид, Шапира, Палино",Питер,1 738 ₽,Нет скидки
Site Reliability Engineering. Надежность и безотказность как в Google,"Бейер, Джоунс, Петофф",Питер,2 377 ₽,Нет скидки
Akka в действии,"Рестенбург, Баккер, Уильямс",ДМК-Пресс,2 073 ₽,Нет скидки
Искусство создания сценариев в Unity,Торн Алан,ДМК-Пресс,1 184 ₽,Нет скидки
Основы работы с технологией CUDA,"Боресков, Харламов",ДМК-Пресс,591 ₽,Нет скидки
WebGL. Программирование трехмерной графики,"Мацуда, Ли",ДМК-Пресс,1 184 ₽,Нет скидки
Чистый Python. Тонкости программирования для профи,Бейдер Дэн,Питер,1 548 ₽,Нет скидки
Введение в распределенное моделирование в среде NetLogo,Ершов Николай Михайлович,ДМК-Пресс,1 333 ₽,Нет скидки
"Искусственный интеллект .NET. Речь, язык и поиск","Патак, Бхандари",ДМК-Пресс,1 184 ₽,Нет скидки
Элегантный SciPy,"Нуньес-Иглесиас, Ван, Дэншоу",ДМК-Пресс,1 851 ₽,Нет скидки
Стандартная библиотека Python 3. Справочник с примерами,Хеллман Даг,Диалектика,5 227 ₽,Нет скидки
Олимпиадное программирование,Лааксонен Антти,ДМК-Пресс,987 ₽,Нет скидки
Язык декларативного программирования XAML,Подбельский Вадим Валерьевич,ДМК-Пресс,1 110 ₽,Нет скидки
Математика на Python. Часть 1. Элементы линейной алгебры,"Александрова, Балджы, Хрипунова",Прометей,285 ₽,Нет скидки
Облачные технологии поддержки решения задач анализа безубыточности. Монография,Смирнов Денис Евгеньевич,Прометей,285 ₽,Нет скидки
Программист-фанатик,Фаулер Чед,Питер,749 ₽,Нет скидки
C# 7 и .NET Core. Кросс-платформенная разработка для профессионалов,Прайс Марк Дж.,Питер,2 209 ₽,Нет скидки
Компьютерные вирусы и антивирусы: взгляд программиста,Климентьев Константин Евгеньевич,ДМК-Пресс,1 184 ₽,Нет скидки
Прикладное программирование. Учебное пособие,Никифоров Сергей Николаевич,Лань,760 ₽,Нет скидки
Программирование на C# для начинающих. Основные сведения,Васильев Алексей Николаевич,Бомбора,1 124 ₽,Нет скидки
Алгоритмы для чайников,"Массарон, Мюллер",Диалектика,1 712 ₽,Нет скидки
Хакинг. Искусство эксплойта,Эриксон Джон,Питер,1 974 ₽,Нет скидки
Глубокое обучение на Python,Шолле Франсуа,Питер,1 758 ₽,Нет скидки
C# 7.0. Справочник. Полное описание языка,"Албахари, Албахари",Диалектика,3 612 ₽,Нет скидки
Java SE 9. Базовый курс,Хорстманн Кей С.,Диалектика,3 612 ₽,Нет скидки
LabVIEW в научных исследованиях,"Евдокимов, Линдваль, Щербаков",ДМК-Пресс,1 110 ₽,Нет скидки
Python. Разработка на основе тестирования,Персиваль Гарри,ДМК-Пресс,2 814 ₽,Нет скидки
"Чистый код. Создание, анализ и рефакторинг",Мартин Роберт С.,Питер,899 ₽,Нет скидки
Разработка одностраничных веб-приложений,"Миковски, Пауэлл",ДМК-Пресс,1 184 ₽,Нет скидки
Теоретический минимум по Computer Science. Все что нужно программисту и разработчику,Феррейра Фило Владстон,Питер,921 ₽,Нет скидки
Программирование искусственного интеллекта в приложениях,Джонс М. Тим,ДМК-Пресс,740 ₽,Нет скидки
Программирование на Ардуино. От простого к сложному,Мамичев Дмитрий Иванович,Солон-пресс,640 ₽,Нет скидки
Запускаем Ansible,"Хохштейн, Мозер",ДМК-Пресс,1 777 ₽,Нет скидки
Современный Java. Рецепты программирования,Коузен Кен,ДМК-Пресс,1 184 ₽,Нет скидки
Сам себе программист. Как научиться программировать и устроиться в Ebay?,Альтхофф Кори,Бомбора,734 ₽,Нет скидки
"Программное обеспечение геодезии, фотограм, кадастра, инж.из.",Браверман Борис Аронович,Инфра-Инженерия,792 ₽,Нет скидки
Собираем устройства для тестов на проникновение,Бирюков Андрей Александрович,ДМК-Пресс,1 702 ₽,Нет скидки
Java. Карманный справочник,"Лигуори, Лигуори",Вильямс,1 426 ₽,Нет скидки
Чистая архитектура. Искусство разработки программного обеспечения,Мартин Роберт С.,Питер,1 115 ₽,Нет скидки
Объектно Ориентированное Программирование,Гаско Рик,Солон-пресс,978 ₽,Нет скидки
Программирование на Python. Первые шаги,Щерба Анастасия Владимировна,Лаборатория знаний,681 ₽,Нет скидки
Хочу в геймдев! Основы игровой разработки для начинающих,"Уточкин, Сахнов",Бомбора,965 ₽,Нет скидки
Python без проблем. Решаем реальные задачи и пишем полезный код,Зингаро Даниэль,Питер,1 617 ₽,Нет скидки
System Design. Подготовка к сложному интервью,Сюй Алекс,Питер,1 404 ₽,Нет скидки
"Чистый код. Создание, анализ и рефакторинг",Мартин Роберт С.,Питер,899 ₽,Нет скидки
С++ для начинающих,Шилдт Герберт,Эком,776 ₽,Нет скидки
Чистая архитектура. Искусство разработки программного обеспечения,Мартин Роберт С.,Питер,1 115 ₽,Нет скидки
Объектно Ориентированное Программирование,Гаско Рик,Солон-пресс,978 ₽,Нет скидки
Простая Математика для Простых Программистов,Гаско Рик,Солон-пресс,790 ₽,Нет скидки
Простой учебник программирования,Гаско Рик,Солон-пресс,889 ₽,Нет скидки
Потоковая обработка данных. Конвейер реального времени,Пселтис Эндрю Дж.,ДМК-Пресс,1 110 ₽,Нет скидки
Java для чайников,Берд Барри,Диалектика,2 187 ₽,Нет скидки
Психбольница в руках пациентов. Алан Купер об интерфейсах,Купер Алан,Питер,1 528 ₽,Нет скидки
"Высоконагруженные приложения. Программирование, масштабирование, поддержка",Клеппман Мартин,Питер,2 962 ₽,Нет скидки
Глубокое обучение с точки зрения практика,"Паттерсон, Гибсон",ДМК-Пресс,1 924 ₽,Нет скидки
Релевантный поиск с использованием Elasticsearch и Solr,"Тарнбулл, Берримен",ДМК-Пресс,1 924 ₽,Нет скидки
Программирование на языке Rust. Цветное издание,"Блэнди, Орендорф",ДМК-Пресс,2 670 ₽,Нет скидки
Алгоритмы для начинающих. Теория и практика для разработчика,Луридас Панос,Бомбора,1 219 ₽,Нет скидки
Язык С в XXI веке,Клеменс Бен,ДМК-Пресс,1 406 ₽,Нет скидки
Android. Сборник рецептов. Задачи и решения для разработчиков приложений,Дарвин Ян Ф.,Диалектика,3 612 ₽,Нет скидки
Официальное руководство Cisco по подготовке к сертификационным экзаменам CCENT/CCNA ICND1 100-105,Одом Уэнделл,Вильямс,7 128 ₽,Нет скидки
Теория и практика делового общения для разработчиков программного обеспечения и IT-менеджеров,Абельская Раиса Шолемовна,Флинта,178 ₽,Нет скидки
Анализ социальных медиа на Python,Бонцанини Марко,ДМК-Пресс,1 628 ₽,Нет скидки
Глубокое обучение (цветная),"Бенджио, Гудфеллоу, Курвилль",ДМК-Пресс,2 837 ₽,Нет скидки
"Прямые и обратные задачи восстановления изображений, спектроскопии и томографии с MatLab (+CD)",Сизиков Валерий Сергеевич,Лань,2 122 ₽,Нет скидки
Функциональное программирование на JavaScript. Как улучшить код JavaScript-программ,Атенсио Луис,Вильямс,2 852 ₽,Нет скидки
Разработка операционной системы и компилятора. Проект Оберон,"Вирт, Гуткнехт",ДМК-Пресс,1 184 ₽,Нет скидки
CodeVisionAVR. Пособие для начинающих,Лебедев Михаил Борисович,ДМК-Пресс,1 036 ₽,Нет скидки
"Как написать безопасный код на С++, Java, Perl, PHP, ASP.NET","Ховард, Лебланк, Виега",ДМК-Пресс,740 ₽,Нет скидки
Scala. Профессиональное программирование,"Одерски, Спун, Веннерс",Питер,2 480 ₽,Нет скидки
Искусство алгоритмизации,Потопахин Виталий Валерьевич,ДМК-Пресс,815 ₽,Нет скидки
Java 9. Полный обзор нововведений,Кишори Шаран,ДМК-Пресс,1 481 ₽,Нет скидки
Kotlin в действии,"Жемеров, Исакова",ДМК-Пресс,1 481 ₽,Нет скидки
Конкурентное программирование на Scala,Прокопец Александр,ДМК-Пресс,1 258 ₽,Нет скидки
Крупномасштабное машинное обучение вместе с Python,"Шарден, Массарон, Боскетти",ДМК-Пресс,1 628 ₽,Нет скидки
Программирование на Clojure,"Эмерик, Карпер, Гранд",ДМК-Пресс,1 777 ₽,Нет скидки
C# 7.0. Карманный справочник. Скорая помощь для программистов на C# 7.0,"Албахари, Албахари",Вильямс,1 141 ₽,Нет скидки
Адаптивный код. Гибкое кодирование с помощью паттернов проектирования и принципов SOLID,Холл Гэри Маклин,Вильямс,2 852 ₽,Нет скидки
Секреты JavaScript ниндзя,"Резиг, Бибо, Марас",Вильямс,3 612 ₽,Нет скидки
Курс программирования на языке Си. Учебник,"Подбельский, Фомин",ДМК-Пресс,1 333 ₽,Нет скидки
СУБД для программиста. Базы данных изнутри,Тарасов Сергей Витальевич,Солон-пресс,881 ₽,Нет скидки
Объектно-ориентированное программирование в С++,Лафоре Роберт,Питер,2 539 ₽,Нет скидки
Язык программирования C++. Базовый курс,"Липпман, Лажойе, Му",Вильямс,5 037 ₽,Нет скидки
Машинное обучение с использованием библиотеки Н2О,Кук Даррен,ДМК-Пресс,1 184 ₽,Нет скидки
Программирование. Принципы и практика с использованием C++,Страуструп Бьярне,Вильямс,5 702 ₽,Нет скидки
Создаем нейронную сеть,Рашид Тарик,Вильямс,2 852 ₽,Нет скидки
Библиотека Keras - инструмент глубокого обучения,"Джулли, Пал",ДМК-Пресс,1 333 ₽,Нет скидки
Визуализация данных с помощью библиотеки D3.js 4.x,"Рининсланд, Свизек",ДМК-Пресс,1 036 ₽,Нет скидки
Шаблоны корпоративных приложений,Фаулер Мартин,Диалектика,4 278 ₽,Нет скидки
Raspberry Pi. Сборник рецептов. Решение программных и аппаратных задач,Монк Саймон,Диалектика,2 852 ₽,Нет скидки
JavaScript в примерах и задачах,Нет автора книги,Эксмо-Пресс,1 062 ₽,Нет скидки
Visual C# 2.0.NET. Полное руководство,"Прайс, Гандэрлой",Корона-Принт,548 ₽,Нет скидки
Предметно-ориентированное проектирование (DDD). Структуризация сложных программных систем,Эванс Эрик,Вильямс,5 702 ₽,Нет скидки
Язык программирования C++. Лекции и упражнения,Прата Стивен,Диалектика,5 702 ₽,Нет скидки
C++ для чайников,Дэвис Стефан Рэнди,Диалектика,1 426 ₽,Нет скидки
"Программирование командных оболочек в Unix, Linux и OS X","Кочан, Вуд",Диалектика,2 852 ₽,Нет скидки
Рефакторинг. Улучшение проекта существующего кода,"Бек, Фаулер, Брант",Диалектика,3 612 ₽,Нет скидки
Изучаем программирование на Python,Бэрри Пол,Эксмо,1 590 ₽,Нет скидки
Семь баз данных за семь недель. Введение в современные базы данных и идеологию NoSQL,"Редмонд, Уилсон",ДМК-Пресс,1 333 ₽,Нет скидки
jQuery в действии,"Бибо, Кац, Де",Питер,1 415 ₽,Нет скидки
Шаблоны проектирования Node.JS,"Касиаро, Маммино",ДМК-Пресс,1 258 ₽,Нет скидки
Разработка современных веб-приложений. Анализ предметных областей и технологий,Эспозито Дино,Вильямс,2 377 ₽,Нет скидки
Vulkan. Руководство разработчика,"Селлерс, Кессенич",ДМК-Пресс,1 406 ₽,Нет скидки
Среда динамического моделирования технических систем SimInTech. Практикум по моделированию систем,"Карташов, Козлов, Шабаев",ДМК-Пресс,1 777 ₽,Нет скидки
"Алгоритмы. Справочник с примерами на C, C++, Java и Python","Хайнеман, Поллис, Селков",Вильямс,2 852 ₽,Нет скидки
Изучаем JavaScript. Руководство по созданию современных веб-сайтов,Браун Этан,Вильямс,2 187 ₽,Нет скидки
Head First. Паттерны проектирования,"Фримен, Сьерра, Робсон",Питер,2 127 ₽,Нет скидки
"Чистый код. Создание, анализ и рефакторинг",Мартин Роберт С.,Питер,899 ₽,Нет скидки
Философия Java,Эккель Брюс,Питер,3 432 ₽,Нет скидки
Алгоритмы неформально. Инструкция для начинающих питонистов,Брэдфорд Такфилд,Питер,1 417 ₽,Нет скидки
Язык программирования С++,Страуструп Бьерн,Бином,1 716 ₽,Нет скидки
System Design. Подготовка к сложному интервью,Сюй Алекс,Питер,1 404 ₽,Нет скидки
Flash MX для профессиональных программистов. Учебное пособие,"Капустин, Капустин, Копылова",Просвещение/Бином,307 ₽,Нет скидки
Программирование на Java для начинающих,Васильев Алексей Николаевич,Эксмо-Пресс,1 062 ₽,Нет скидки
Javascript и jQuery. Интерактивная веб-разработка,Дакетт Джон,Эксмо,2 165 ₽,Нет скидки
Предметно-ориентированное проектирование. Самое основное,Вернон Вон,Диалектика,2 187 ₽,Нет скидки
Введение в Elixir. Введение в функциональное программирование,"Сенлорен, Эйзенберг",ДМК-Пресс,1 036 ₽,Нет скидки
Моделирование аукционов,Демешев Борис Борисович,ДМК-Пресс,961 ₽,Нет скидки
Как самому написать мобильную 2D-игру,Язев Юрий Евгеньевич,Солон-пресс,815 ₽,Нет скидки
Python и машинное обучение,Рашка Себастьян,ДМК-Пресс,2 221 ₽,Нет скидки
Проектирование пользовательского интерфейса в Android,Клифтон Ян,ДМК-Пресс,1 481 ₽,Нет скидки
Программирование на C в примерах и задачах,Васильев Алексей Николаевич,Эксмо-Пресс,1 165 ₽,Нет скидки
"Прикладная криптография. Протоколы, алгоритмы и исходный код на C",Шнайер Брюс,Диалектика,7 128 ₽,Нет скидки
ASP.NET Core MVC с примерами на C# для профессионалов,Фримен Адам,Диалектика,5 037 ₽,Нет скидки
"Стек, или Путешествие туда и обратно",Вторников Алексей Анатольевич,ДМК-Пресс,666 ₽,Нет скидки
Программирование на Visual Basic для начинающих,МакГрат Майк,Эксмо-Пресс,650 ₽,Нет скидки
Реактивное программирование с использованием RxJava,"Нуркевич, Кристенсен",ДМК-Пресс,1 406 ₽,Нет скидки
Изучаем PHP 7. Руководство по созданию интерактивных веб-сайтов,Скляр Дэвид,Диалектика,2 852 ₽,Нет скидки
Не заставляйте меня думать. Веб-юзабилити и здравый смысл,Круг Стив,Эксмо-Пресс,856 ₽,Нет скидки
Go на практике,"Батчер, Фарина",ДМК-Пресс,1 333 ₽,Нет скидки
Методы разработки математических моделей и вычислительный эксперимент на базе пакета MATLAB,Плохотников Константин Эдуардович,Солон-пресс,1 383 ₽,Нет скидки
"Гибкая разработка программ на Java и C++. Принципы, паттерны и методики",Мартин Роберт С.,Диалектика,5 702 ₽,Нет скидки
Цифровая обработка сигналов на языке Python,Дауни Аллен Б.,ДМК-Пресс,591 ₽,Нет скидки
Программирование на C++ в примерах и задачах,Васильев Алексей Николаевич,Эксмо-Пресс,760 ₽,Нет скидки
Cassandra. Полное руководство,"Карпентер, Хьюитт",ДМК-Пресс,1 406 ₽,Нет скидки
Изучаем Angular 2,Дилеман Пабло,ДМК-Пресс,1 036 ₽,Нет скидки
Разработка обслуживаемых программ на языке C#,Виссер Джуст,ДМК-Пресс,666 ₽,Нет скидки
XBRL для чайников,"Хоффман, Уотсон",Диалектика,2 187 ₽,Нет скидки
Разработка геоприложений на языке Python,Вестра Эрик,ДМК-Пресс,1 628 ₽,Нет скидки
Инженерия требований,"Халл, Джексон, Дик",ДМК-Пресс,1 333 ₽,Нет скидки
Программирование PIC - микроконтроллеров на PicBasic,Хелибайк Чак,Додека XXI век,666 ₽,Нет скидки
Введение в современные САПР. Курс лекций,Малюх Владимир Николаевич,ДМК-Пресс,518 ₽,Нет скидки
Функциональное программирование на F#,Сошников Дмитрий Валерьевич,ДМК-Пресс,518 ₽,Нет скидки
Скользкие места С++. Как избежать проблем  при проектировании и компиляции ваших программ,Дьюхэрст Стефан К.,ДМК-Пресс,815 ₽,Нет скидки
Программируем микрокомпьютер NXT в LabVIEW,"Белиовская, Белиовский",ДМК-Пресс,496 ₽,Нет скидки
Dart в действии,Баккет Крис,ДМК-Пресс,1 554 ₽,Нет скидки
MATLAB. Полный самоучитель,Дьяконов Владимир Павлович,ДМК-Пресс,2 221 ₽,Нет скидки
С для программистов с введением в С11,"Дейтел, Дейтел",ДМК-Пресс,1 406 ₽,Нет скидки
Параллельное и конкурентное программирование на Haskell,Марлоу Саймон,ДМК-Пресс,1 184 ₽,Нет скидки
Практическое использование Common Lisp,Сайбель Питер,ДМК-Пресс,1 777 ₽,Нет скидки
Сбор данных в Интернете на языке R,Храмов Дмитрий Александрович,ДМК-Пресс,961 ₽,Нет скидки
Unity 5.x. Программирование искусственного интеллекта в играх,Паласиос Хорхе,ДМК-Пресс,1 036 ₽,Нет скидки
Программирование микроконтроллеров. Стратегия и тактика,Матюшин Андрей Олегович,ДМК-Пресс,1 184 ₽,Нет скидки
Ruby on Rails для начинающих. Изучаем разработку веб-приложений на основе Rails,Хартл Майкл,ДМК-Пресс,1 924 ₽,Нет скидки
Программирование и отладка С/С++ приложений для микроконтроллеров ARM,Магда Юрий Степанович,ДМК-Пресс,639 ₽,Нет скидки
Эффективное использование С++. 55 верных способов улучшить структуру и код ваших программ,Мэйерс Скотт,ДМК-Пресс,993 ₽,Нет скидки
"Assembler. Для DOS, Windows и Unix",Зубков Сергей Владимирович,ДМК-Пресс,1 406 ₽,Нет скидки
Лямбда-выражения в Java 8. Функциональное программирование - в массы,Уорбэртон Ричард,ДМК-Пресс,591 ₽,Нет скидки
Системная инженерия. Принципы и практика,"Косяков, Свит, Сеймур",ДМК-Пресс,1 777 ₽,Нет скидки
Оптимизация приложений на платформе .Net,"Голдштейн, Зурбалев, Флатов",ДМК-Пресс,1 928 ₽,Нет скидки
Интерфейс. Основы проектирования взаимодействия,"Купер, Рейман, Кронин",Питер,2 266 ₽,Нет скидки
Аналоговые интерфейсы микроконтроллеров,Болл Стюарт Р.,Додека XXI век,888 ₽,Нет скидки
Практическое использование Vim. Редактируйте текст со скоростью мысли,Нейл Дрю,ДМК-Пресс,1 333 ₽,Нет скидки
Анализ сетей (графов) в среде R. Руководство пользователя,Люк Дуглас А.,ДМК-Пресс,1 554 ₽,Нет скидки
Основы проектирования в Autodesk Inventor 2016,Зиновьев Дмитрий Валериевич,ДМК-Пресс,591 ₽,Нет скидки
Bootstrap в примерах,Морето Сильвио,ДМК-Пресс,1 036 ₽,Нет скидки
Изучай Haskell во имя добра!,Липовача Миран,ДМК-Пресс,1 333 ₽,Нет скидки
Matlab & Simulink. Проектирование мехатронных систем на ПК. Учебное пособие для ВУЗов + CD,Герман-Галкин Сергей Германович,Корона-Принт,398 ₽,Нет скидки
10 практических устройств на AVR-микроконтроллерах. Книга 2 +CD,Кравченко Алексей Владимирович,Корона-Принт,349 ₽,Нет скидки
Вычислительная геометрия. Алгоритмы и приложения,"Де, Чеонг, Ван",ДМК-Пресс,2 368 ₽,Нет скидки
Разработка веб-приложений в ReactJS,"Хортон, Вайс",ДМК-Пресс,1 333 ₽,Нет скидки
Введение в статистическое обучение с примерами на языке R,"Джеймс, Уиттон, Тибширани",ДМК-Пресс,2 221 ₽,Нет скидки
"Чистый код. Создание, анализ и рефакторинг",Мартин Роберт С.,Питер,899 ₽,Нет скидки
Программируем на Python,Доусон Майкл,Питер,1 372 ₽,Нет скидки
Язык программирования С++,Страуструп Бьерн,Бином,1 716 ₽,Нет скидки
HTML и CSS. Разработка и дизайн веб-сайтов,Дакетт Джон,Эксмо,1 818 ₽,Нет скидки
Паттерны объектно-ориентированного проектирования,"Гамма, Хелм, Джонсон",Питер,1 029 ₽,Нет скидки
Язык программирования C,"Керниган, Ритчи",Вильямс,1 712 ₽,Нет скидки
Разработка веб-приложений в ReactJS,"Хортон, Вайс",ДМК-Пресс,1 333 ₽,Нет скидки
Введение в статистическое обучение с примерами на языке R,"Джеймс, Уиттон, Тибширани",ДМК-Пресс,2 221 ₽,Нет скидки
Современное программирование с нуля!,Потопахин Виталий Валерьевич,ДМК-Пресс,518 ₽,Нет скидки
Программирование на языке Lua,Иерузалимски Роберту,ДМК-Пресс,1 258 ₽,Нет скидки
Android NDK. Руководство для начинающих,Ретабоуил Сильвен,ДМК-Пресс,1 483 ₽,Нет скидки
Скрапинг веб-сайтов с помощью Python. Сбор данных из современного интернета,Митчелл Райан,ДМК-Пресс,1 258 ₽,Нет скидки
C# 6.0. Справочник. Полное описание языка,"Албахари, Албахари",Вильямс,3 612 ₽,Нет скидки
LabVIEW: стиль программирования,Блюм Питер,ДМК-Пресс,666 ₽,Нет скидки
Искусство автономного тестирования с примерами на С#,Ошероув Рой,ДМК-Пресс,1 481 ₽,Нет скидки
Графовые базы данных. Новые возможности для работы,"Робинсон, Вебер, Эифрем",ДМК-Пресс,1 110 ₽,Нет скидки
Руководство по микропроцессорному обеспечению,Нет автора книги,ДМК-Пресс,1 036 ₽,Нет скидки
Чисто функциональные структуры данных,Окасаки Крис,ДМК-Пресс,1 184 ₽,Нет скидки
Программирование компьютерного зрения на языке Python,Солем Ян Эрик,ДМК-Пресс,1 333 ₽,Нет скидки
"UML Проектирование систем реального времени, распределенных и параллельных приложений",Гома Хассан,ДМК-Пресс,1 851 ₽,Нет скидки
"Периферийные устройства: интерфейсы, схемотехника, программирование",Авдеев Вадим Александрович,ДМК-Пресс,1 333 ₽,Нет скидки
R в действии. Анализ и визуализация данных на языке R,Кабаков Роберт И.,ДМК-Пресс,1 481 ₽,Нет скидки
Анализ больших наборов данных,"Лесковец, Ульман, Раджараман",ДМК-Пресс,1 777 ₽,Нет скидки
Построение компиляторов,Вирт Никлаус,ДМК-Пресс,740 ₽,Нет скидки
Современный PHP. Новые возможности и передовой опыт,Локхарт Джош,ДМК-Пресс,961 ₽,Нет скидки
MATLAB. Теория и практика,Гилат Амос,ДМК-Пресс,1 628 ₽,Нет скидки
Параллельное программирование на С++ в действии. Практика разработки многопоточных программ,Уильямс Энтони,ДМК-Пресс,1 702 ₽,Нет скидки
Наиболее эффективное использование С++. 35 новых рекомендаций  по улучшению ваших программ,Мейерс Скотт,ДМК-Пресс,1 036 ₽,Нет скидки
Численные методы анализа и линейной алгебры. Использование Matlab и Scilab. Учебное пособие,Квасов Борис Ильич,Лань,1 135 ₽,Нет скидки
Введение в надежное и безопасное распределенное программирование,"Качина, Гуерру, Родригес",ДМК-Пресс,1 924 ₽,Нет скидки
C# 6.0. Карманный справочник,"Албахари, Албахари",Вильямс,571 ₽,Нет скидки
Разработка веб-приложений с использованием Flask на языке Python,Гринберг Мигель,ДМК-Пресс,1 258 ₽,Нет скидки
Введение в ECMAScript 6,Прасти Нараян,ДМК-Пресс,740 ₽,Нет скидки
Программирование для Windows на С/С++. В 2-х томах. Том 2,Мартынов Николай Николаевич,Бином,249 ₽,Нет скидки
Программирование мобильных устройств на платформе .Net Compact Framework,Самре Иво,Вильямс,666 ₽,Нет скидки
"Разработка приложений для iPhone, iPad и iPod touch с использованием iOS SDK","Марк, Наттинг, Ламарш",Вильямс,1 426 ₽,Нет скидки
Silverlight 5 с примерами на C# для профессионалов,Мак-Дональд Мэтью,Вильямс,1 712 ₽,Нет скидки
Java EE 7. Основы,Гупта Арун,Вильямс,856 ₽,Нет скидки
Java SE 8. Вводный курс,Хорстманн Кей С.,Вильямс,856 ₽,Нет скидки
Joomla! Для профессионалов,Рамел Дэн,Вильямс,1 426 ₽,Нет скидки
Microsoft Exchange Server 2013. Полное руководство,"Моримото, Ноэл, Ярдени",Вильямс,2 852 ₽,Нет скидки
WinRT. программирование на C# для профессионалов,"Рихтер, ван",Вильямс,1 426 ₽,Нет скидки
"Программирование для iOS 7. Основы Objective-C, Xcode и Cocoa",Нойбург Мэтт,Вильямс,1 141 ₽,Нет скидки
Руководство для программиста на Java. 75 рекомендаций по написанию надежных и защищенных программ,"Лонг, Мохиндра, Сикорд",Вильямс,761 ₽,Нет скидки
Drupal 7. Руководство пользователя,Колисниченко Денис Николаевич,Диалектика,286 ₽,Нет скидки
Joomla 2.5. Руководство пользователя,Колисниченко Денис Николаевич,Диалектика,475 ₽,Нет скидки
C# 5.0 и платформа .NET 4.5 для профессионалов,"Глинн, Нейгел, Ивьен",Диалектика,2 187 ₽,Нет скидки
Python на практике,Саммерфилд Марк,ДМК-Пресс,1 184 ₽,Нет скидки
Линейное программирование. Руководство к решению задач,Лунгу Константин Никитович,Физматлит,209 ₽,Нет скидки
Поисковая адаптация. Теория и практика,"Курейчик, Лебедев, Лебедев",Физматлит,455 ₽,Нет скидки
Методы оптимальных решений. В 2 томах. Том 1. Общие положения. Математическое программирование,"Соколов, Токарев",Физматлит,1 115 ₽,Нет скидки
Методы оптимальных решений. В 2 томах. Том 2. Многокритериальность. Динамика. Неопределенность,Токарев Владислав Васильевич,Физматлит,1 059 ₽,Нет скидки
Компьютерное моделирование логических процессов. Архитектура и язык решателя задач,Подколзин Александр Сергеевич,Физматлит,1 176 ₽,Нет скидки
Дизайн и эволюция языка С++,Страуструп Бьерн,ДМК-Пресс,1 110 ₽,Нет скидки
Обработка естественного языка на Java,Риз Ричард,ДМК-Пресс,1 036 ₽,Нет скидки
Теория вычислений для программистов,Стюарт Том,ДМК-Пресс,1 184 ₽,Нет скидки
Алгоритмы и структуры данных. Новая версия для Оберона,Вирт Никлаус,ДМК-Пресс,961 ₽,Нет скидки
Искусство поиска решения в нестандартной задаче,Потопахин Виталий Валерьевич,ДМК-Пресс,443 ₽,Нет скидки
Программирование на Python для начинающих,МакГрат Майк,Эксмо-Пресс,673 ₽,Нет скидки
Применение Web-стандартов. CSS и Ajax для больших сайтов,"Шмитт, Блессинг, Черни",Корона-Принт,197 ₽,Нет скидки
Автоматизированные информационно-управляющие системы с применением SCADA-системы TRACE MODE,Пьявченко Тамила Алексеевна,Лань,1 390 ₽,Нет скидки
ATDD. Разработка программного обеспечения через приемочные тесты. Практический подход,Гэртнер Маркус,ДМК-Пресс,961 ₽,Нет скидки
Читаем Тьюринга. Путешествие по исторической статье Тьюринга о вычислимости и машинах Тьюринга,Петцольд Чарльз,ДМК-Пресс,1 481 ₽,Нет скидки
Шейдеры и эффекты в Unity. Книга рецептов,Ламмерс Кенни,ДМК-Пресс,815 ₽,Нет скидки
JavaScript и jQuery. Исчерпывающее руководство,Макфарланд Дэвид,Эксмо,1 772 ₽,Нет скидки
Полезное программирование. Уникальное руководство,Комлев Николай Юрьевич,Солон-пресс,697 ₽,Нет скидки
Язык программирования C,"Керниган, Ритчи",Вильямс,1 712 ₽,Нет скидки
Black Hat Go. Программирование для хакеров и пентестеров,"Коттманн, Паттен, Стил",Питер,2 511 ₽,Нет скидки
"Изучаем Python. Программирование игр, визуализация данных, веб-приложения",Мэтиз Эрик,Питер,1 667 ₽,Нет скидки
Программирование на Python. Первые шаги,Щерба Анастасия Владимировна,Лаборатория знаний,681 ₽,Нет скидки
Хочу в геймдев! Основы игровой разработки для начинающих,"Уточкин, Сахнов",Бомбора,965 ₽,Нет скидки
С++ для начинающих,Шилдт Герберт,Эком,776 ₽,Нет скидки
Справочник по языку Haskell,Душкин Роман Викторович,ДМК-Пресс,961 ₽,Нет скидки
Программирование на ассемблере на платформе x86-64,Аблязов Руслан Зуфярович,ДМК-Пресс,666 ₽,Нет скидки
Семантический веб,"Антониоу, Грос, Хоекстра",ДМК-Пресс,888 ₽,Нет скидки
Функциональное программирование на языке Haskell,Душкин Роман Викторович,ДМК-Пресс,1 036 ₽,Нет скидки
Программирование на языке Go. Разработка приложений XXI века,Саммерфильд Марк,ДМК-Пресс,1 481 ₽,Нет скидки
Разработка программного обеспечения: управление изменениями,"Белладжио, Миллиган",ДМК-Пресс,616 ₽,Нет скидки
От математики к обобщенному программированию,"Степанов, Роуз",ДМК-Пресс,1 184 ₽,Нет скидки
Изучаем программирование на JavaScript,"Фримен, Робсон",Питер,2 594 ₽,Нет скидки
Путь Ruby,"Фултон, Арко",ДМК-Пресс,1 481 ₽,Нет скидки
Изучаем Spark,"Карау, Конвински, Венделл",ДМК-Пресс,961 ₽,Нет скидки
Статистический анализ и визуализация данных с помощью R,"Мастицкий, Шитиков",ДМК-Пресс,1 481 ₽,Нет скидки
LLVM. Инфраструктура для разработки компиляторов,"Кардос, Аулер",ДМК-Пресс,961 ₽,Нет скидки
OpenGL ES 3.0. Руководство разработчика,"Гинсбург, Пурномо",ДМК-Пресс,1 924 ₽,Нет скидки
Современный Фортран на практике,Маркус Арьен,ДМК-Пресс,1 110 ₽,Нет скидки
Квантовые вычисления и функциональное программирование,Душкин Роман Викторович,ДМК-Пресс,815 ₽,Нет скидки
Создание облачных и мобильных приложений на языке F#,Мол Дэниел,ДМК-Пресс,591 ₽,Нет скидки
"Проектирование на ПЛИС. Архитектура, средства и методы. Курс молодого бойца",Максфилд Клайв,ДМК-Пресс,1 481 ₽,Нет скидки
Программирование микроконтроллеров ATMEL на языке C (+CD),Прокопенко Вадим Сергеевич,Корона-Принт,747 ₽,Нет скидки
Семь моделей конкуренции и параллелизма за семь недель,Батчер Пол,ДМК-Пресс,1 333 ₽,Нет скидки
Адаптивные и инвариантные алгоритмы обнаружения объектов на изображениях и их моделирование в Matla,Волков Владимир Юрьевич,Лань,870 ₽,Нет скидки
Дневник охотника за ошибками. Путешествие через джунгли проблем безопасности программного обеспеч.,Клейн Тобиас,ДМК-Пресс,1 184 ₽,Нет скидки
Введение в UML от создателей языка,"Рамбо, Якобсон, Буч",ДМК-Пресс,1 333 ₽,Нет скидки
Технологии программирования на Java 2. Распределенные приложения,"Дейтел, Дейтел, Сантри",Бином,497 ₽,Нет скидки
Silverlight 4. Создание насыщенных Web-приложений,Байдачный Сергей Сергеевич,Солон-пресс,392 ₽,Нет скидки
EJB 3 в действии,"Панда, Рахман, Купрак",ДМК-Пресс,1 481 ₽,Нет скидки
"Обработка неструктурированных текстов. Поиск, организация и манипулирование","Ингерсолл, Иортон, Фэррис",ДМК-Пресс,1 110 ₽,Нет скидки
Жемчужины проектирования алгоритмов. Функциональный подход. С примерами на языке Haskell,Бёрд Ричард,ДМК-Пресс,1 258 ₽,Нет скидки
"Программирование в Delphi для Windows: Версии 2006, 2007, Turbo Delphi (+СD)",Архангельский Алексей Яковлевич,Бином,995 ₽,Нет скидки
Практика программирования на языке Паскаль. Задачи и решения,Медведик Владимир Иванович,ДМК-Пресс,1 036 ₽,Нет скидки
Методы обработки и распознавания изображений лиц в задачах биометрии,"Кухарев, Каменская, Матвеев",Политехника,667 ₽,Нет скидки
Эффективные технологии создания информационных систем,"Мещеряков, Иванов",Политехника,318 ₽,Нет скидки
Введение в теорию языков программирования,"Довек, Леви",ДМК-Пресс,591 ₽,Нет скидки
Spring в действии,Уоллс Крейг,ДМК-Пресс,1 773 ₽,Нет скидки
Программирование на языке OCaml,"Мински, Мадхавапедди, Хикки",ДМК-Пресс,1 481 ₽,Нет скидки
CUDA Fortran для инженеров и научных работников. Рекомендации по эффективному программированию,"Рутш, Фатика",ДМК-Пресс,888 ₽,Нет скидки
Платформа Windows Azure,"Редкар, Тони",ДМК-Пресс,1 184 ₽,Нет скидки
"За пределами ""Linux с нуля"". Версия 7.4. Том 2",Нет автора книги,ДМК-Пресс,1 184 ₽,Нет скидки
.NET Сетевое программирование,"Кумар, Кровчик, Лагари",Лори,901 ₽,Нет скидки
Редкая профессия,Зуев Евгений Александрович,ДМК-Пресс,443 ₽,Нет скидки
Моделирование электротехнических устройств в MATLAB. SimPowerSystems и Simulink,Черных Илья Викторович,ДМК-Пресс,591 ₽,Нет скидки
Java. Эффективное программирование,Блох Джошуа,Лори,820 ₽,Нет скидки
Разработка веб-приложений с использованием AngularJS,"Козловский, Бэкон",ДМК-Пресс,961 ₽,Нет скидки
Основы теории вейвлетов. Вейвлеты в MATLAB,Смоленцев Николай Константинович,ДМК-Пресс,864 ₽,Нет скидки
LabVIEW. Практический курс для инженеров и разработчиков,Магда Юрий Степанович,ДМК-Пресс,443 ₽,Нет скидки
"Принципы построения, применения и проектирования компьютерной платформы U-SYS","Росляков, Крылов",Солон-пресс,236 ₽,Нет скидки
Разработка приложений Java EE 6 в NetBeans 7,Хеффельфингер Дэвид,ДМК-Пресс,888 ₽,Нет скидки
Курс практического программирования в Delphi. Объектно – ориентированное программирование. Практикум,Санников Е. В.,Солон-пресс,618 ₽,Нет скидки
C++ AMP. Построение массивно параллельных программ с помощью Microsoft Visual C++,"Грегори, Миллер",ДМК-Пресс,1 036 ₽,Нет скидки
Оптимизация производительности приложений для iOS. Для профессионалов,Во Ханг,ДМК-Пресс,679 ₽,Нет скидки
Структуры данных и алгоритмы в Java. Классика Computers Science,Лафоре Роберт,Питер,2 830 ₽,Нет скидки
Программирование на алгоритмическом языке КуМир,"Анеликова, Гусева",Солон-пресс,198 ₽,Нет скидки
Создание web-приложений в Silverlight,Буньон Лоран,ДМК-Пресс,553 ₽,Нет скидки
С++ для начинающих,Шилдт Герберт,Эком,776 ₽,Нет скидки
Профессиональное программирование приложений для iPhone и iPad,Баклин Джин,Эксмо,1 010 ₽,Нет скидки
Silverlight. Практическое руководство,Браун Пит,Питер,1 399 ₽,Нет скидки
PHP. Создание динамических страниц,Пауэрс Дэвид,Рид Групп,1 135 ₽,Нет скидки
Изучаем Java,"Сьерра, Бейтс",Эксмо,1 590 ₽,Нет скидки
1С: Предприятие 8.2. Коротко о главном. Новые возможности версии 8.2 (+CD),Радченко Максим Григорьевич,1С,184 ₽,Нет скидки
"Как настраивать ""1С: Предприятие 8.2"" при внедрении +СD",Ажеронок Валентин Александрович,1С,178 ₽,Нет скидки
Macromedia Authorware 6.0. Разработка мультимедийных учебных курсов,Гультяев Алексей Константинович,Корона-Принт,219 ₽,Нет скидки
Паттерны объектно-ориентированного проектирования,"Гамма, Хелм, Джонсон",Питер,1 029 ₽,Нет скидки
"Изучаем Python. Программирование игр, визуализация данных, веб-приложения",Мэтиз Эрик,Питер,1 667 ₽,Нет скидки
Алгоритмы неформально. Инструкция для начинающих питонистов,Брэдфорд Такфилд,Питер,1 417 ₽,Нет скидки
System Design. Подготовка к сложному интервью,Сюй Алекс,Питер,1 404 ₽,Нет скидки
Black Hat Go. Программирование для хакеров и пентестеров,"Коттманн, Паттен, Стил",Питер,2 511 ₽,Нет скидки
Философия Java,Эккель Брюс,Питер,3 432 ₽,Нет скидки
"Как настраивать ""1С: Предприятие 8.2"" при внедрении +СD",Ажеронок Валентин Александрович,1С,178 ₽,Нет скидки
Macromedia Authorware 6.0. Разработка мультимедийных учебных курсов,Гультяев Алексей Константинович,Корона-Принт,219 ₽,Нет скидки
Руководство разработчика по Microsoft Enterprise Library,"Хоумер, Ботто, Мельник",Эком,497 ₽,Нет скидки
Микрокомпьютерные системы управления. Первое знакомство,Суэмацу Есикадзу,Додека XXI век,591 ₽,Нет скидки
Silverlight 2. Технология создания интернет-приложений,Буньон Лоран,ДМК-Пресс,444 ₽,Нет скидки
Make Build Autotools. Управление программными проектами,Солдатов Вячеслав Петрович,Бином,448 ₽,Нет скидки
